id,title,severity,status,date
1,Cyber Incident 1,Medium,in_progress,2024-06-19
2,Cyber Incident 2,High,closed,2022-07-20
3,Cyber Incident 3,Low,in_progress,2024-05-15
4,Cyber Incident 4,Critical,open,2023-06-20
5,Cyber Incident 5,Medium,closed,2023-01-31
6,Cyber Incident 6,High,closed,2023-03-07
7,Cyber Incident 7,Low,closed,2023-01-14
8,Cyber Incident 8,High,closed,2023-06-04
9,Cyber Incident 9,Critical,closed,2022-09-29
10,Cyber Incident 10,High,closed,2024-01-16
11,Cyber Incident 11,High,closed,2024-09-10
12,Cyber Incident 12,Critical,open,2022-08-13
13,Cyber Incident 13,High,open,2024-10-23
14,Cyber Incident 14,Medium,open,2022-12-08
15,Cyber Incident 15,Medium,in_progress,2023-06-29
16,Cyber Incident 16,Low,in_progress,2022-06-10
17,Cyber Incident 17,Critical,closed,2024-09-24
18,Cyber Incident 18,Low,closed,2023-02-17
19,Cyber Incident 19,High,open,2023-04-14
20,Cyber Incident 20,Low,closed,2024-10-29
21,Cyber Incident 21,Medium,open,2024-11-28
22,Cyber Incident 22,Low,open,2023-11-13
23,Cyber Incident 23,Critical,open,2024-12-16
24,Cyber Incident 24,Medium,in_progress,2023-12-12
25,Cyber Incident 25,Low,closed,2023-01-23
26,Cyber Incident 26,High,open,2022-12-03
27,Cyber Incident 27,Low,closed,2023-05-28
28,Cyber Incident 28,Medium,in_progress,2024-01-18
29,Cyber Incident 29,Low,closed,2024-06-24
30,Cyber Incident 30,Low,closed,2022-05-30
31,Cyber Incident 31,Medium,in_progress,2024-03-05
32,Cyber Incident 32,Medium,closed,2024-10-01
33,Cyber Incident 33,Medium,in_progress,2022-03-29
34,Cyber Incident 34,Critical,closed,2023-12-02
35,Cyber Incident 35,Medium,open,2024-01-13
36,Cyber Incident 36,Low,in_progress,2023-11-30
37,Cyber Incident 37,High,closed,2023-11-15
38,Cyber Incident 38,Low,in_progress,2022-04-05
39,Cyber Incident 39,Low,open,2024-12-16
40,Cyber Incident 40,High,open,2024-04-19
41,Cyber Incident 41,Medium,open,2023-02-04
42,Cyber Incident 42,High,in_progress,2024-04-30
43,Cyber Incident 43,Critical,closed,2022-07-31
44,Cyber Incident 44,Low,closed,2023-09-06
45,Cyber Incident 45,Critical,open,2024-04-07
46,Cyber Incident 46,Critical,open,2023-11-14
47,Cyber Incident 47,Critical,closed,2024-04-19
48,Cyber Incident 48,Low,in_progress,2024-11-16
49,Cyber Incident 49,High,in_progress,2023-05-12
50,Cyber Incident 50,Critical,in_progress,2022-07-04
51,Cyber Incident 51,Medium,closed,2024-10-12
52,Cyber Incident 52,Low,open,2024-02-17
53,Cyber Incident 53,Low,closed,2022-08-19
54,Cyber Incident 54,High,open,2024-01-08
55,Cyber Incident 55,Critical,open,2024-07-06
56,Cyber Incident 56,High,in_progress,2024-02-18
57,Cyber Incident 57,Critical,open,2023-06-10
58,Cyber Incident 58,Low,in_progress,2022-11-24
59,Cyber Incident 59,Critical,closed,2024-06-09
60,Cyber Incident 60,Low,open,2023-08-04
61,Cyber Incident 61,Low,open,2022-03-12
62,Cyber Incident 62,Critical,closed,2022-12-13
63,Cyber Incident 63,Low,in_progress,2023-03-31
64,Cyber Incident 64,Critical,closed,2023-04-15
65,Cyber Incident 65,Medium,in_progress,2023-04-09
66,Cyber Incident 66,High,in_progress,2022-10-07
67,Cyber Incident 67,Critical,in_progress,2023-07-19
68,Cyber Incident 68,Critical,open,2022-04-16
69,Cyber Incident 69,Low,in_progress,2024-06-02
70,Cyber Incident 70,High,open,2023-01-25
71,Cyber Incident 71,Critical,in_progress,2024-08-02
72,Cyber Incident 72,Low,closed,2024-10-09
73,Cyber Incident 73,Critical,closed,2024-08-05
74,Cyber Incident 74,High,in_progress,2023-02-27
75,Cyber Incident 75,Medium,closed,2023-11-29
76,Cyber Incident 76,Critical,in_progress,2023-03-09
77,Cyber Incident 77,Critical,in_progress,2023-11-07
78,Cyber Incident 78,Critical,open,2022-04-04
79,Cyber Incident 79,Critical,closed,2024-09-14
80,Cyber Incident 80,Critical,open,2022-05-22
81,Cyber Incident 81,Low,in_progress,2022-07-28
82,Cyber Incident 82,Medium,closed,2022-02-12
83,Cyber Incident 83,Medium,open,2023-01-04
84,Cyber Incident 84,Critical,in_progress,2023-04-08
85,Cyber Incident 85,Critical,in_progress,2022-02-03
86,Cyber Incident 86,High,open,2023-10-20
87,Cyber Incident 87,Medium,open,2022-12-02
88,Cyber Incident 88,Low,open,2022-02-26
89,Cyber Incident 89,Medium,open,2023-03-18
90,Cyber Incident 90,High,closed,2023-08-08
91,Cyber Incident 91,Medium,closed,2023-09-22
92,Cyber Incident 92,High,open,2024-04-08
93,Cyber Incident 93,Critical,open,2022-08-11
94,Cyber Incident 94,High,closed,2022-06-18
95,Cyber Incident 95,Medium,in_progress,2023-11-12
96,Cyber Incident 96,Low,open,2022-04-06
97,Cyber Incident 97,Critical,open,2023-02-27
98,Cyber Incident 98,Low,open,2024-08-26
99,Cyber Incident 99,Medium,open,2024-04-28
100,Cyber Incident 100,High,open,2023-11-18
101,Cyber Incident 101,Medium,closed,2022-04-04
102,Cyber Incident 102,Medium,in_progress,2024-03-27
103,Cyber Incident 103,High,open,2023-09-29
104,Cyber Incident 104,Low,closed,2023-01-27
105,Cyber Incident 105,Low,open,2022-02-10
106,Cyber Incident 106,High,in_progress,2023-04-07
107,Cyber Incident 107,High,closed,2023-02-11
108,Cyber Incident 108,High,in_progress,2022-03-31
109,Cyber Incident 109,Medium,in_progress,2024-12-10
110,Cyber Incident 110,High,closed,2022-07-18
111,Cyber Incident 111,Low,in_progress,2022-03-19
112,Cyber Incident 112,Medium,closed,2022-02-23
113,Cyber Incident 113,Low,open,2023-10-31
114,Cyber Incident 114,Low,open,2023-01-17
115,Cyber Incident 115,Low,open,2024-01-15
116,Cyber Incident 116,Critical,closed,2024-11-17
117,Cyber Incident 117,Low,open,2024-05-26
118,Cyber Incident 118,Critical,open,2024-03-25
119,Cyber Incident 119,Medium,closed,2022-06-24
120,Cyber Incident 120,High,in_progress,2023-11-14
121,Cyber Incident 121,High,closed,2023-11-08
122,Cyber Incident 122,Medium,open,2022-09-09
123,Cyber Incident 123,Critical,open,2022-10-14
124,Cyber Incident 124,Critical,in_progress,2024-05-01
125,Cyber Incident 125,Low,in_progress,2023-03-01
126,Cyber Incident 126,High,open,2023-08-18
127,Cyber Incident 127,Critical,closed,2024-09-10
128,Cyber Incident 128,Medium,open,2022-07-02
129,Cyber Incident 129,High,closed,2022-12-15
130,Cyber Incident 130,Critical,closed,2023-01-02
131,Cyber Incident 131,Low,in_progress,2024-08-01
132,Cyber Incident 132,High,closed,2023-10-18
133,Cyber Incident 133,Medium,open,2022-01-29
134,Cyber Incident 134,Low,closed,2024-07-20
135,Cyber Incident 135,Low,in_progress,2024-10-23
136,Cyber Incident 136,High,in_progress,2023-09-09
137,Cyber Incident 137,Critical,closed,2024-11-28
138,Cyber Incident 138,Low,closed,2023-01-21
139,Cyber Incident 139,Low,in_progress,2024-01-16
140,Cyber Incident 140,Medium,open,2023-06-10
141,Cyber Incident 141,Low,open,2023-03-03
142,Cyber Incident 142,Low,open,2024-04-03
143,Cyber Incident 143,High,open,2024-09-20
144,Cyber Incident 144,Medium,in_progress,2024-12-03
145,Cyber Incident 145,Medium,open,2024-09-10
146,Cyber Incident 146,High,closed,2022-09-30
147,Cyber Incident 147,Medium,open,2024-07-25
148,Cyber Incident 148,Low,in_progress,2024-09-16
149,Cyber Incident 149,Low,open,2024-11-21
150,Cyber Incident 150,Medium,closed,2022-03-25
151,Cyber Incident 151,Low,closed,2024-10-24
152,Cyber Incident 152,Medium,closed,2023-08-10
153,Cyber Incident 153,Medium,in_progress,2022-12-09
154,Cyber Incident 154,Critical,open,2022-12-04
155,Cyber Incident 155,High,closed,2022-05-03
156,Cyber Incident 156,High,closed,2023-09-14
157,Cyber Incident 157,Critical,closed,2024-03-17
158,Cyber Incident 158,Critical,open,2022-02-19
159,Cyber Incident 159,Low,closed,2023-04-14
160,Cyber Incident 160,Medium,open,2022-04-09
161,Cyber Incident 161,Critical,open,2022-07-27
162,Cyber Incident 162,Low,closed,2023-07-04
163,Cyber Incident 163,Low,closed,2022-11-28
164,Cyber Incident 164,Critical,open,2023-09-03
165,Cyber Incident 165,Low,in_progress,2022-05-18
166,Cyber Incident 166,Critical,in_progress,2023-05-17
167,Cyber Incident 167,Medium,open,2024-08-20
168,Cyber Incident 168,Critical,in_progress,2022-10-09
169,Cyber Incident 169,High,in_progress,2022-08-30
170,Cyber Incident 170,Medium,open,2023-09-23
171,Cyber Incident 171,High,open,2023-12-05
172,Cyber Incident 172,Critical,in_progress,2023-03-07
173,Cyber Incident 173,Low,closed,2022-09-30
174,Cyber Incident 174,Medium,open,2024-09-26
175,Cyber Incident 175,High,closed,2022-03-24
176,Cyber Incident 176,Low,closed,2023-09-18
177,Cyber Incident 177,High,open,2024-06-06
178,Cyber Incident 178,High,open,2024-01-10
179,Cyber Incident 179,High,closed,2022-10-03
180,Cyber Incident 180,Low,open,2023-12-08
181,Cyber Incident 181,Critical,in_progress,2023-11-14
182,Cyber Incident 182,Critical,closed,2023-05-19
183,Cyber Incident 183,Medium,in_progress,2023-11-12
184,Cyber Incident 184,Low,open,2022-10-21
185,Cyber Incident 185,Critical,closed,2022-01-11
186,Cyber Incident 186,High,open,2023-06-22
187,Cyber Incident 187,Medium,open,2024-06-23
188,Cyber Incident 188,High,open,2022-06-08
189,Cyber Incident 189,High,closed,2022-06-14
190,Cyber Incident 190,Critical,closed,2024-05-16
191,Cyber Incident 191,Low,in_progress,2022-12-14
192,Cyber Incident 192,Critical,closed,2023-02-17
193,Cyber Incident 193,High,closed,2024-03-13
194,Cyber Incident 194,Critical,in_progress,2022-01-16
195,Cyber Incident 195,High,open,2023-03-08
196,Cyber Incident 196,High,open,2022-11-18
197,Cyber Incident 197,Medium,open,2023-11-22
198,Cyber Incident 198,Low,closed,2022-01-01
199,Cyber Incident 199,Low,in_progress,2023-02-09
200,Cyber Incident 200,Critical,in_progress,2024-08-03
201,Cyber Incident 201,Medium,in_progress,2022-01-04
202,Cyber Incident 202,Low,open,2024-10-30
203,Cyber Incident 203,Low,open,2024-11-23
204,Cyber Incident 204,High,in_progress,2024-05-09
205,Cyber Incident 205,Critical,open,2024-03-07
206,Cyber Incident 206,Medium,closed,2024-09-03
207,Cyber Incident 207,Critical,closed,2023-05-22
208,Cyber Incident 208,High,open,2022-05-22
209,Cyber Incident 209,High,in_progress,2023-07-10
210,Cyber Incident 210,Low,closed,2022-03-30
211,Cyber Incident 211,Critical,in_progress,2023-09-30
212,Cyber Incident 212,High,in_progress,2022-04-01
213,Cyber Incident 213,Low,closed,2024-06-21
214,Cyber Incident 214,Low,in_progress,2023-07-07
215,Cyber Incident 215,Low,open,2023-07-17
216,Cyber Incident 216,Low,in_progress,2023-05-08
217,Cyber Incident 217,Low,open,2024-12-14
218,Cyber Incident 218,Medium,in_progress,2023-11-11
219,Cyber Incident 219,Medium,in_progress,2023-12-06
220,Cyber Incident 220,High,open,2024-08-09
221,Cyber Incident 221,High,in_progress,2022-07-15
222,Cyber Incident 222,High,in_progress,2024-02-13
223,Cyber Incident 223,High,open,2023-08-08
224,Cyber Incident 224,High,closed,2024-10-19
225,Cyber Incident 225,Low,in_progress,2022-02-14
226,Cyber Incident 226,Low,closed,2022-12-31
227,Cyber Incident 227,Low,in_progress,2024-01-06
228,Cyber Incident 228,Low,closed,2023-02-19
229,Cyber Incident 229,Low,closed,2024-06-01
230,Cyber Incident 230,Critical,closed,2023-06-16
231,Cyber Incident 231,High,in_progress,2024-10-18
232,Cyber Incident 232,Medium,open,2022-07-25
233,Cyber Incident 233,High,in_progress,2022-03-10
234,Cyber Incident 234,Medium,closed,2024-03-11
235,Cyber Incident 235,Critical,open,2024-06-07
236,Cyber Incident 236,Critical,closed,2022-03-10
237,Cyber Incident 237,Low,closed,2024-06-30
238,Cyber Incident 238,High,in_progress,2024-01-10
239,Cyber Incident 239,Low,in_progress,2022-10-20
240,Cyber Incident 240,Low,open,2022-10-02
241,Cyber Incident 241,Critical,in_progress,2022-05-29
242,Cyber Incident 242,Medium,in_progress,2023-01-16
243,Cyber Incident 243,Medium,in_progress,2022-10-01
244,Cyber Incident 244,High,open,2024-04-14
245,Cyber Incident 245,Critical,open,2024-10-08
246,Cyber Incident 246,Medium,in_progress,2022-02-07
247,Cyber Incident 247,Low,in_progress,2023-12-16
248,Cyber Incident 248,Low,open,2023-12-24
249,Cyber Incident 249,Medium,closed,2022-03-12
250,Cyber Incident 250,Critical,closed,2022-04-04
251,Cyber Incident 251,Low,open,2023-08-11
252,Cyber Incident 252,Critical,in_progress,2024-11-09
253,Cyber Incident 253,Critical,open,2023-12-09
254,Cyber Incident 254,Medium,in_progress,2022-08-02
255,Cyber Incident 255,Critical,closed,2022-12-13
256,Cyber Incident 256,Medium,open,2022-01-16
257,Cyber Incident 257,High,open,2022-06-06
258,Cyber Incident 258,Low,open,2022-08-21
259,Cyber Incident 259,Medium,open,2024-09-29
260,Cyber Incident 260,Medium,in_progress,2023-05-22
261,Cyber Incident 261,High,in_progress,2024-06-29
262,Cyber Incident 262,High,in_progress,2023-01-05
263,Cyber Incident 263,Medium,in_progress,2023-08-26
264,Cyber Incident 264,Critical,in_progress,2023-12-27
265,Cyber Incident 265,High,open,2024-04-04
266,Cyber Incident 266,High,open,2024-08-30
267,Cyber Incident 267,Low,open,2022-08-09
268,Cyber Incident 268,Critical,open,2024-11-29
269,Cyber Incident 269,Critical,open,2024-04-21
270,Cyber Incident 270,Medium,closed,2022-10-19
271,Cyber Incident 271,Critical,closed,2023-12-29
272,Cyber Incident 272,Low,in_progress,2023-03-10
273,Cyber Incident 273,Medium,open,2022-09-22
274,Cyber Incident 274,Low,open,2023-12-25
275,Cyber Incident 275,Critical,open,2022-11-09
276,Cyber Incident 276,Low,in_progress,2022-03-02
277,Cyber Incident 277,Critical,in_progress,2022-09-01
278,Cyber Incident 278,Medium,closed,2022-05-21
279,Cyber Incident 279,Medium,open,2023-04-04
280,Cyber Incident 280,Critical,closed,2023-09-21
281,Cyber Incident 281,Low,in_progress,2024-11-03
282,Cyber Incident 282,Critical,in_progress,2022-01-12
283,Cyber Incident 283,High,closed,2023-11-22
284,Cyber Incident 284,Critical,in_progress,2022-02-23
285,Cyber Incident 285,Critical,closed,2024-04-02
286,Cyber Incident 286,Medium,closed,2023-01-26
287,Cyber Incident 287,Critical,open,2023-12-07
288,Cyber Incident 288,Low,closed,2023-05-10
289,Cyber Incident 289,High,in_progress,2024-05-20
290,Cyber Incident 290,High,in_progress,2023-07-22
291,Cyber Incident 291,Critical,in_progress,2022-10-27
292,Cyber Incident 292,High,in_progress,2024-08-09
293,Cyber Incident 293,Medium,closed,2022-09-14
294,Cyber Incident 294,Low,open,2024-02-16
295,Cyber Incident 295,Medium,closed,2022-03-10
296,Cyber Incident 296,Critical,in_progress,2022-11-12
297,Cyber Incident 297,Critical,open,2023-08-16
298,Cyber Incident 298,Low,closed,2023-11-25
299,Cyber Incident 299,Critical,in_progress,2024-12-02
300,Cyber Incident 300,Medium,open,2022-06-26
301,Cyber Incident 301,Medium,open,2022-02-21
302,Cyber Incident 302,Medium,open,2023-11-13
303,Cyber Incident 303,High,closed,2022-07-23
304,Cyber Incident 304,Low,in_progress,2022-02-24
305,Cyber Incident 305,Medium,open,2023-09-08
306,Cyber Incident 306,High,open,2024-08-05
307,Cyber Incident 307,High,closed,2023-04-04
308,Cyber Incident 308,Medium,open,2023-06-06
309,Cyber Incident 309,High,open,2024-01-07
310,Cyber Incident 310,Critical,in_progress,2022-06-30
311,Cyber Incident 311,Medium,closed,2024-09-14
312,Cyber Incident 312,Low,open,2023-12-20
313,Cyber Incident 313,Low,closed,2023-06-09
314,Cyber Incident 314,Critical,open,2023-01-04
315,Cyber Incident 315,High,in_progress,2024-08-30
316,Cyber Incident 316,Medium,in_progress,2022-01-19
317,Cyber Incident 317,High,in_progress,2022-06-22
318,Cyber Incident 318,Medium,in_progress,2023-06-07
319,Cyber Incident 319,Low,open,2023-11-30
320,Cyber Incident 320,Critical,closed,2022-03-28
321,Cyber Incident 321,High,in_progress,2022-07-30
322,Cyber Incident 322,High,in_progress,2024-10-27
323,Cyber Incident 323,Medium,in_progress,2024-08-02
324,Cyber Incident 324,Medium,in_progress,2024-11-08
325,Cyber Incident 325,Critical,in_progress,2023-04-16
326,Cyber Incident 326,Low,open,2022-12-05
327,Cyber Incident 327,Medium,in_progress,2024-05-17
328,Cyber Incident 328,High,open,2024-10-15
329,Cyber Incident 329,High,in_progress,2022-06-30
330,Cyber Incident 330,Low,in_progress,2024-05-13
331,Cyber Incident 331,Medium,in_progress,2023-02-12
332,Cyber Incident 332,Critical,open,2024-02-10
333,Cyber Incident 333,Low,open,2023-08-30
334,Cyber Incident 334,High,open,2023-04-18
335,Cyber Incident 335,Critical,in_progress,2023-04-09
336,Cyber Incident 336,High,in_progress,2023-05-18
337,Cyber Incident 337,High,open,2024-07-07
338,Cyber Incident 338,Low,closed,2024-09-12
339,Cyber Incident 339,High,in_progress,2023-02-24
340,Cyber Incident 340,Critical,in_progress,2022-06-08
341,Cyber Incident 341,Critical,open,2024-11-04
342,Cyber Incident 342,Low,closed,2023-02-01
343,Cyber Incident 343,High,closed,2023-03-06
344,Cyber Incident 344,Low,closed,2023-07-14
345,Cyber Incident 345,Low,open,2022-11-22
346,Cyber Incident 346,Low,closed,2022-01-28
347,Cyber Incident 347,Critical,open,2022-02-07
348,Cyber Incident 348,Medium,in_progress,2024-04-11
349,Cyber Incident 349,Low,closed,2022-12-12
350,Cyber Incident 350,Medium,open,2024-02-09
351,Cyber Incident 351,High,in_progress,2023-04-19
352,Cyber Incident 352,Critical,in_progress,2024-12-17
353,Cyber Incident 353,Medium,closed,2024-09-07
354,Cyber Incident 354,Medium,in_progress,2024-11-30
355,Cyber Incident 355,High,in_progress,2024-09-06
356,Cyber Incident 356,Low,closed,2022-05-29
357,Cyber Incident 357,Medium,open,2024-09-07
358,Cyber Incident 358,Medium,in_progress,2023-08-04
359,Cyber Incident 359,Critical,open,2024-09-12
360,Cyber Incident 360,High,in_progress,2022-12-17
361,Cyber Incident 361,Low,closed,2023-09-08
362,Cyber Incident 362,High,open,2023-12-10
363,Cyber Incident 363,High,closed,2022-12-07
364,Cyber Incident 364,Low,open,2023-07-27
365,Cyber Incident 365,Medium,closed,2024-05-19
366,Cyber Incident 366,High,closed,2024-07-30
367,Cyber Incident 367,Low,in_progress,2022-07-02
368,Cyber Incident 368,Low,in_progress,2023-11-27
369,Cyber Incident 369,Critical,open,2024-01-25
370,Cyber Incident 370,Low,closed,2023-01-29
371,Cyber Incident 371,Medium,closed,2022-01-10
372,Cyber Incident 372,Low,open,2022-09-22
373,Cyber Incident 373,High,in_progress,2024-02-01
374,Cyber Incident 374,Low,closed,2024-10-08
375,Cyber Incident 375,Low,open,2023-09-19
376,Cyber Incident 376,Critical,open,2022-11-01
377,Cyber Incident 377,Medium,closed,2022-11-04
378,Cyber Incident 378,High,in_progress,2022-08-28
379,Cyber Incident 379,Low,open,2024-07-18
380,Cyber Incident 380,High,closed,2022-01-03
381,Cyber Incident 381,Low,open,2022-07-05
382,Cyber Incident 382,Medium,in_progress,2023-03-30
383,Cyber Incident 383,Critical,closed,2022-06-26
384,Cyber Incident 384,Low,closed,2023-07-30
385,Cyber Incident 385,Low,open,2023-08-22
386,Cyber Incident 386,High,in_progress,2022-02-07
387,Cyber Incident 387,Low,closed,2024-07-01
388,Cyber Incident 388,Low,closed,2022-10-31
389,Cyber Incident 389,Low,in_progress,2024-10-11
390,Cyber Incident 390,Critical,in_progress,2023-11-06
391,Cyber Incident 391,Critical,open,2022-08-30
392,Cyber Incident 392,Medium,in_progress,2024-11-08
393,Cyber Incident 393,Low,open,2024-02-05
394,Cyber Incident 394,Critical,open,2023-05-30
395,Cyber Incident 395,High,closed,2022-05-08
396,Cyber Incident 396,Critical,in_progress,2023-05-14
397,Cyber Incident 397,Medium,in_progress,2024-10-08
398,Cyber Incident 398,Critical,in_progress,2022-09-25
399,Cyber Incident 399,High,open,2024-11-15
400,Cyber Incident 400,Low,closed,2022-03-28
401,Cyber Incident 401,Low,open,2024-05-24
402,Cyber Incident 402,High,open,2022-07-03
403,Cyber Incident 403,High,open,2023-04-14
404,Cyber Incident 404,Critical,in_progress,2022-12-06
405,Cyber Incident 405,Low,open,2022-01-30
406,Cyber Incident 406,Critical,in_progress,2023-10-04
407,Cyber Incident 407,Critical,open,2022-01-07
408,Cyber Incident 408,Medium,open,2023-04-04
409,Cyber Incident 409,Medium,in_progress,2024-06-02
410,Cyber Incident 410,Critical,closed,2023-07-24
411,Cyber Incident 411,Critical,in_progress,2024-10-14
412,Cyber Incident 412,Low,open,2022-01-16
413,Cyber Incident 413,Critical,closed,2024-05-13
414,Cyber Incident 414,Critical,closed,2023-02-09
415,Cyber Incident 415,Low,open,2024-05-25
416,Cyber Incident 416,Medium,open,2023-11-19
417,Cyber Incident 417,Low,closed,2022-01-04
418,Cyber Incident 418,Medium,open,2022-10-06
419,Cyber Incident 419,Medium,closed,2023-10-27
420,Cyber Incident 420,Medium,in_progress,2024-04-24
421,Cyber Incident 421,Medium,open,2022-05-14
422,Cyber Incident 422,Low,open,2023-10-04
423,Cyber Incident 423,High,in_progress,2023-09-23
424,Cyber Incident 424,Low,open,2023-08-19
425,Cyber Incident 425,High,in_progress,2024-08-10
426,Cyber Incident 426,Critical,in_progress,2024-03-10
427,Cyber Incident 427,Critical,in_progress,2024-10-03
428,Cyber Incident 428,Medium,in_progress,2024-08-19
429,Cyber Incident 429,Low,in_progress,2022-05-11
430,Cyber Incident 430,Low,open,2023-05-15
431,Cyber Incident 431,High,in_progress,2022-08-28
432,Cyber Incident 432,Critical,open,2022-07-26
433,Cyber Incident 433,Critical,open,2023-01-14
434,Cyber Incident 434,High,closed,2024-02-12
435,Cyber Incident 435,Medium,closed,2023-11-10
436,Cyber Incident 436,Medium,closed,2024-07-01
437,Cyber Incident 437,Low,open,2024-06-02
438,Cyber Incident 438,Medium,open,2023-01-05
439,Cyber Incident 439,Critical,closed,2022-06-04
440,Cyber Incident 440,Low,in_progress,2024-07-27
441,Cyber Incident 441,Low,open,2023-12-12
442,Cyber Incident 442,Low,closed,2022-03-01
443,Cyber Incident 443,High,in_progress,2023-12-08
444,Cyber Incident 444,Medium,closed,2023-01-22
445,Cyber Incident 445,Medium,in_progress,2023-09-06
446,Cyber Incident 446,Low,closed,2024-08-06
447,Cyber Incident 447,Critical,in_progress,2024-08-24
448,Cyber Incident 448,Medium,in_progress,2022-06-07
449,Cyber Incident 449,Low,in_progress,2024-09-22
450,Cyber Incident 450,High,closed,2024-05-30
451,Cyber Incident 451,Critical,closed,2024-11-20
452,Cyber Incident 452,High,open,2022-12-02
453,Cyber Incident 453,Medium,closed,2023-10-02
454,Cyber Incident 454,High,in_progress,2022-08-27
455,Cyber Incident 455,Medium,open,2024-08-28
456,Cyber Incident 456,High,open,2022-05-29
457,Cyber Incident 457,Critical,closed,2022-04-13
458,Cyber Incident 458,High,in_progress,2022-08-12
459,Cyber Incident 459,Critical,closed,2024-09-18
460,Cyber Incident 460,High,closed,2024-02-26
461,Cyber Incident 461,Low,open,2022-09-20
462,Cyber Incident 462,Critical,open,2024-04-13
463,Cyber Incident 463,Critical,closed,2023-10-23
464,Cyber Incident 464,Low,in_progress,2024-02-17
465,Cyber Incident 465,Critical,open,2024-01-30
466,Cyber Incident 466,Critical,closed,2023-07-10
467,Cyber Incident 467,Critical,open,2024-02-27
468,Cyber Incident 468,Low,in_progress,2024-04-06
469,Cyber Incident 469,Low,in_progress,2024-03-19
470,Cyber Incident 470,Low,in_progress,2024-10-28
471,Cyber Incident 471,Low,closed,2022-12-26
472,Cyber Incident 472,Low,open,2024-03-01
473,Cyber Incident 473,Critical,open,2024-06-05
474,Cyber Incident 474,Medium,closed,2022-03-10
475,Cyber Incident 475,Medium,in_progress,2022-07-31
476,Cyber Incident 476,High,open,2024-11-28
477,Cyber Incident 477,High,open,2023-05-01
478,Cyber Incident 478,Critical,open,2024-06-19
479,Cyber Incident 479,Critical,closed,2022-05-18
480,Cyber Incident 480,Critical,closed,2023-05-30
481,Cyber Incident 481,Low,open,2022-10-26
482,Cyber Incident 482,Low,in_progress,2023-05-24
483,Cyber Incident 483,Low,in_progress,2023-10-19
484,Cyber Incident 484,Low,open,2023-04-07
485,Cyber Incident 485,High,closed,2023-11-22
486,Cyber Incident 486,Low,in_progress,2024-01-20
487,Cyber Incident 487,Low,closed,2023-05-01
488,Cyber Incident 488,Low,in_progress,2023-09-23
489,Cyber Incident 489,Critical,closed,2023-06-08
490,Cyber Incident 490,Medium,closed,2023-12-11
491,Cyber Incident 491,Low,in_progress,2023-10-06
492,Cyber Incident 492,Medium,in_progress,2022-12-09
493,Cyber Incident 493,Low,open,2024-01-25
494,Cyber Incident 494,High,closed,2023-05-02
495,Cyber Incident 495,Low,closed,2024-05-20
496,Cyber Incident 496,Critical,in_progress,2024-05-27
497,Cyber Incident 497,High,in_progress,2022-12-13
498,Cyber Incident 498,High,closed,2022-03-15
499,Cyber Incident 499,Critical,open,2022-07-10
500,Cyber Incident 500,Critical,closed,2023-02-13
501,Cyber Incident 501,Critical,in_progress,2024-04-01
502,Cyber Incident 502,Medium,open,2024-06-26
503,Cyber Incident 503,Critical,closed,2023-03-22
504,Cyber Incident 504,Low,in_progress,2023-06-27
505,Cyber Incident 505,Critical,in_progress,2022-12-17
506,Cyber Incident 506,Critical,open,2024-05-22
507,Cyber Incident 507,Medium,open,2024-05-25
508,Cyber Incident 508,High,in_progress,2023-03-02
509,Cyber Incident 509,Medium,in_progress,2024-11-06
510,Cyber Incident 510,Critical,closed,2024-04-02
511,Cyber Incident 511,High,in_progress,2024-01-05
512,Cyber Incident 512,Critical,in_progress,2024-05-04
513,Cyber Incident 513,Low,in_progress,2022-11-14
514,Cyber Incident 514,High,open,2022-03-25
515,Cyber Incident 515,Low,open,2022-06-18
516,Cyber Incident 516,High,open,2024-07-03
517,Cyber Incident 517,Low,in_progress,2022-12-06
518,Cyber Incident 518,High,in_progress,2022-08-08
519,Cyber Incident 519,Medium,closed,2023-01-24
520,Cyber Incident 520,Medium,in_progress,2024-08-05
521,Cyber Incident 521,Low,open,2024-12-13
522,Cyber Incident 522,Low,closed,2024-01-22
523,Cyber Incident 523,Low,closed,2024-10-16
524,Cyber Incident 524,Medium,in_progress,2023-03-25
525,Cyber Incident 525,High,open,2024-07-23
526,Cyber Incident 526,Medium,in_progress,2024-01-04
527,Cyber Incident 527,Critical,in_progress,2024-05-06
528,Cyber Incident 528,High,closed,2024-03-21
529,Cyber Incident 529,High,open,2023-07-04
530,Cyber Incident 530,Critical,open,2022-11-16
531,Cyber Incident 531,Low,closed,2023-10-25
532,Cyber Incident 532,Critical,closed,2024-12-24
533,Cyber Incident 533,Low,open,2022-07-10
534,Cyber Incident 534,Medium,closed,2022-06-09
535,Cyber Incident 535,Medium,open,2022-02-28
536,Cyber Incident 536,High,open,2023-09-17
537,Cyber Incident 537,Low,in_progress,2023-07-04
538,Cyber Incident 538,Low,in_progress,2023-02-24
539,Cyber Incident 539,Medium,in_progress,2023-12-20
540,Cyber Incident 540,Medium,open,2023-06-26
541,Cyber Incident 541,High,open,2023-12-21
542,Cyber Incident 542,High,open,2024-08-19
543,Cyber Incident 543,Medium,open,2024-11-15
544,Cyber Incident 544,Medium,open,2023-08-01
545,Cyber Incident 545,Low,open,2023-03-27
546,Cyber Incident 546,Low,in_progress,2022-12-21
547,Cyber Incident 547,Critical,in_progress,2024-11-14
548,Cyber Incident 548,Critical,in_progress,2023-12-28
549,Cyber Incident 549,High,closed,2022-05-29
550,Cyber Incident 550,Low,in_progress,2024-09-03
551,Cyber Incident 551,Critical,open,2022-06-29
552,Cyber Incident 552,Critical,closed,2022-06-13
553,Cyber Incident 553,Critical,in_progress,2022-03-20
554,Cyber Incident 554,High,open,2022-07-14
555,Cyber Incident 555,Medium,closed,2022-07-03
556,Cyber Incident 556,High,in_progress,2022-01-20
557,Cyber Incident 557,Medium,closed,2022-06-19
558,Cyber Incident 558,Low,open,2024-10-11
559,Cyber Incident 559,Critical,in_progress,2024-05-20
560,Cyber Incident 560,Low,in_progress,2024-02-29
561,Cyber Incident 561,High,open,2024-04-04
562,Cyber Incident 562,Critical,in_progress,2023-09-28
563,Cyber Incident 563,Low,in_progress,2023-08-27
564,Cyber Incident 564,Medium,closed,2023-05-15
565,Cyber Incident 565,High,in_progress,2022-10-16
566,Cyber Incident 566,Low,closed,2024-10-24
567,Cyber Incident 567,Critical,closed,2024-09-23
568,Cyber Incident 568,Medium,in_progress,2023-06-22
569,Cyber Incident 569,Critical,in_progress,2023-11-01
570,Cyber Incident 570,Low,in_progress,2024-02-18
571,Cyber Incident 571,High,in_progress,2024-03-31
572,Cyber Incident 572,Low,open,2022-05-11
573,Cyber Incident 573,Low,in_progress,2023-05-11
574,Cyber Incident 574,Low,closed,2024-04-23
575,Cyber Incident 575,Medium,open,2022-03-24
576,Cyber Incident 576,High,closed,2024-07-10
577,Cyber Incident 577,Medium,closed,2024-06-04
578,Cyber Incident 578,Medium,open,2024-12-03
579,Cyber Incident 579,High,in_progress,2023-04-16
580,Cyber Incident 580,Low,open,2023-09-08
581,Cyber Incident 581,High,in_progress,2023-10-26
582,Cyber Incident 582,Critical,in_progress,2024-06-30
583,Cyber Incident 583,Medium,closed,2024-05-15
584,Cyber Incident 584,High,open,2022-03-10
585,Cyber Incident 585,Low,open,2023-10-29
586,Cyber Incident 586,High,open,2024-08-17
587,Cyber Incident 587,Low,closed,2022-06-12
588,Cyber Incident 588,High,closed,2022-09-07
589,Cyber Incident 589,Critical,in_progress,2024-03-13
590,Cyber Incident 590,High,open,2022-11-20
591,Cyber Incident 591,Low,in_progress,2022-08-23
592,Cyber Incident 592,High,open,2022-08-28
593,Cyber Incident 593,Critical,open,2022-08-18
594,Cyber Incident 594,Medium,in_progress,2023-03-26
595,Cyber Incident 595,High,closed,2023-05-20
596,Cyber Incident 596,Low,in_progress,2022-05-04
597,Cyber Incident 597,High,in_progress,2022-12-18
598,Cyber Incident 598,Medium,closed,2024-07-26
599,Cyber Incident 599,Critical,closed,2023-06-13
600,Cyber Incident 600,Medium,closed,2023-07-21
601,Cyber Incident 601,High,closed,2024-03-27
602,Cyber Incident 602,Critical,in_progress,2022-12-25
603,Cyber Incident 603,Medium,open,2022-11-17
604,Cyber Incident 604,High,closed,2022-12-29
605,Cyber Incident 605,High,closed,2024-09-29
606,Cyber Incident 606,Critical,open,2022-08-13
607,Cyber Incident 607,Critical,open,2022-03-29
608,Cyber Incident 608,Medium,open,2023-02-03
609,Cyber Incident 609,High,open,2023-04-08
610,Cyber Incident 610,Medium,closed,2024-08-06
611,Cyber Incident 611,Critical,open,2023-05-09
612,Cyber Incident 612,Medium,open,2022-12-26
613,Cyber Incident 613,Critical,closed,2024-01-01
614,Cyber Incident 614,Low,closed,2023-02-04
615,Cyber Incident 615,Low,in_progress,2024-05-30
616,Cyber Incident 616,Medium,closed,2022-07-07
617,Cyber Incident 617,Critical,open,2022-07-02
618,Cyber Incident 618,Low,open,2022-10-01
619,Cyber Incident 619,Critical,in_progress,2024-02-28
620,Cyber Incident 620,High,in_progress,2023-10-24
621,Cyber Incident 621,Low,closed,2022-07-24
622,Cyber Incident 622,High,in_progress,2023-01-11
623,Cyber Incident 623,High,closed,2023-08-15
624,Cyber Incident 624,Low,closed,2023-04-10
625,Cyber Incident 625,Medium,in_progress,2023-12-16
626,Cyber Incident 626,Low,closed,2023-09-15
627,Cyber Incident 627,Critical,in_progress,2023-05-09
628,Cyber Incident 628,Medium,open,2023-03-03
629,Cyber Incident 629,Critical,open,2024-10-06
630,Cyber Incident 630,Critical,in_progress,2022-08-04
631,Cyber Incident 631,Critical,closed,2023-04-16
632,Cyber Incident 632,Medium,open,2022-04-12
633,Cyber Incident 633,Low,open,2024-10-25
634,Cyber Incident 634,Low,open,2023-07-01
635,Cyber Incident 635,Critical,open,2022-05-29
636,Cyber Incident 636,High,in_progress,2023-12-18
637,Cyber Incident 637,High,closed,2022-07-04
638,Cyber Incident 638,Medium,in_progress,2023-09-18
639,Cyber Incident 639,Medium,in_progress,2024-10-05
640,Cyber Incident 640,Low,closed,2023-02-14
641,Cyber Incident 641,Critical,in_progress,2023-01-07
642,Cyber Incident 642,High,open,2024-04-29
643,Cyber Incident 643,High,closed,2023-03-14
644,Cyber Incident 644,Medium,in_progress,2022-06-28
645,Cyber Incident 645,High,in_progress,2022-10-06
646,Cyber Incident 646,Medium,open,2022-09-07
647,Cyber Incident 647,Low,closed,2023-04-08
648,Cyber Incident 648,High,in_progress,2024-10-25
649,Cyber Incident 649,Critical,in_progress,2024-05-28
650,Cyber Incident 650,High,in_progress,2024-07-15
651,Cyber Incident 651,Critical,in_progress,2023-03-16
652,Cyber Incident 652,Low,open,2024-11-02
653,Cyber Incident 653,Critical,closed,2022-07-26
654,Cyber Incident 654,Low,closed,2024-11-18
655,Cyber Incident 655,Medium,in_progress,2022-01-05
656,Cyber Incident 656,High,closed,2023-12-17
657,Cyber Incident 657,Low,closed,2023-05-23
658,Cyber Incident 658,High,open,2023-03-27
659,Cyber Incident 659,Medium,closed,2022-06-04
660,Cyber Incident 660,Critical,closed,2023-06-02
661,Cyber Incident 661,Medium,open,2022-02-16
662,Cyber Incident 662,High,in_progress,2022-09-20
663,Cyber Incident 663,Medium,in_progress,2022-03-14
664,Cyber Incident 664,Low,open,2024-12-01
665,Cyber Incident 665,High,closed,2023-08-30
666,Cyber Incident 666,Low,in_progress,2024-04-10
667,Cyber Incident 667,Critical,in_progress,2022-10-07
668,Cyber Incident 668,Low,in_progress,2022-03-05
669,Cyber Incident 669,Medium,closed,2022-09-01
670,Cyber Incident 670,Medium,in_progress,2024-01-13
671,Cyber Incident 671,Medium,closed,2022-06-29
672,Cyber Incident 672,Medium,in_progress,2023-06-15
673,Cyber Incident 673,Critical,closed,2024-08-19
674,Cyber Incident 674,Low,in_progress,2023-12-28
675,Cyber Incident 675,Critical,in_progress,2024-07-16
676,Cyber Incident 676,High,closed,2024-02-14
677,Cyber Incident 677,High,closed,2022-08-07
678,Cyber Incident 678,Medium,open,2022-01-17
679,Cyber Incident 679,Critical,open,2024-11-20
680,Cyber Incident 680,High,in_progress,2024-05-23
681,Cyber Incident 681,High,closed,2024-12-09
682,Cyber Incident 682,High,open,2022-03-26
683,Cyber Incident 683,Critical,open,2022-06-29
684,Cyber Incident 684,Critical,open,2023-08-31
685,Cyber Incident 685,High,in_progress,2023-11-04
686,Cyber Incident 686,Low,closed,2023-07-21
687,Cyber Incident 687,Critical,closed,2022-03-05
688,Cyber Incident 688,Critical,closed,2022-04-23
689,Cyber Incident 689,Medium,closed,2024-05-17
690,Cyber Incident 690,High,open,2024-09-13
691,Cyber Incident 691,Low,open,2024-06-11
692,Cyber Incident 692,Low,closed,2023-04-28
693,Cyber Incident 693,Critical,closed,2023-12-18
694,Cyber Incident 694,High,closed,2023-11-02
695,Cyber Incident 695,High,open,2024-09-27
696,Cyber Incident 696,Low,in_progress,2022-11-10
697,Cyber Incident 697,High,in_progress,2024-08-02
698,Cyber Incident 698,Low,open,2022-07-22
699,Cyber Incident 699,Low,in_progress,2023-01-06
700,Cyber Incident 700,Low,in_progress,2022-12-19
701,Cyber Incident 701,High,in_progress,2024-05-12
702,Cyber Incident 702,Low,closed,2022-01-07
703,Cyber Incident 703,Critical,in_progress,2022-04-05
704,Cyber Incident 704,Medium,open,2022-12-22
705,Cyber Incident 705,High,in_progress,2022-09-21
706,Cyber Incident 706,Medium,in_progress,2023-02-01
707,Cyber Incident 707,Critical,open,2023-06-06
708,Cyber Incident 708,High,open,2022-05-23
709,Cyber Incident 709,High,closed,2023-04-17
710,Cyber Incident 710,Low,closed,2022-07-23
711,Cyber Incident 711,Low,open,2022-05-23
712,Cyber Incident 712,Medium,open,2022-11-03
713,Cyber Incident 713,Low,in_progress,2024-02-11
714,Cyber Incident 714,Critical,open,2022-07-04
715,Cyber Incident 715,Critical,in_progress,2023-05-16
716,Cyber Incident 716,Medium,closed,2023-08-09
717,Cyber Incident 717,Low,closed,2022-03-14
718,Cyber Incident 718,High,in_progress,2024-11-05
719,Cyber Incident 719,Low,in_progress,2022-12-14
720,Cyber Incident 720,Medium,closed,2022-08-30
721,Cyber Incident 721,Critical,open,2024-05-07
722,Cyber Incident 722,Medium,open,2022-09-04
723,Cyber Incident 723,Critical,open,2022-03-13
724,Cyber Incident 724,Critical,open,2024-09-22
725,Cyber Incident 725,Critical,in_progress,2022-06-09
726,Cyber Incident 726,Medium,open,2024-08-13
727,Cyber Incident 727,Critical,in_progress,2024-11-11
728,Cyber Incident 728,High,closed,2022-08-24
729,Cyber Incident 729,Medium,open,2023-09-17
730,Cyber Incident 730,Low,in_progress,2023-01-31
731,Cyber Incident 731,Critical,open,2023-01-21
732,Cyber Incident 732,High,in_progress,2024-02-01
733,Cyber Incident 733,Low,in_progress,2023-11-11
734,Cyber Incident 734,Medium,in_progress,2023-04-06
735,Cyber Incident 735,Critical,in_progress,2023-08-21
736,Cyber Incident 736,Low,open,2022-03-12
737,Cyber Incident 737,High,open,2022-03-20
738,Cyber Incident 738,Low,in_progress,2023-04-08
739,Cyber Incident 739,Medium,closed,2024-02-10
740,Cyber Incident 740,Medium,in_progress,2023-04-24
741,Cyber Incident 741,Low,open,2023-01-22
742,Cyber Incident 742,Critical,closed,2022-02-01
743,Cyber Incident 743,Critical,in_progress,2022-11-29
744,Cyber Incident 744,Critical,in_progress,2022-07-21
745,Cyber Incident 745,Critical,open,2023-09-11
746,Cyber Incident 746,High,closed,2022-09-04
747,Cyber Incident 747,High,closed,2024-05-30
748,Cyber Incident 748,Low,closed,2023-06-09
749,Cyber Incident 749,Medium,open,2024-05-22
750,Cyber Incident 750,High,closed,2022-03-02
751,Cyber Incident 751,High,in_progress,2022-08-28
752,Cyber Incident 752,Low,open,2022-02-14
753,Cyber Incident 753,Low,open,2022-09-09
754,Cyber Incident 754,High,closed,2023-07-23
755,Cyber Incident 755,Critical,open,2024-03-11
756,Cyber Incident 756,Critical,in_progress,2024-11-29
757,Cyber Incident 757,Medium,closed,2024-05-27
758,Cyber Incident 758,Medium,in_progress,2023-08-30
759,Cyber Incident 759,High,open,2024-11-30
760,Cyber Incident 760,Critical,in_progress,2022-08-09
761,Cyber Incident 761,Medium,in_progress,2024-08-30
762,Cyber Incident 762,Medium,in_progress,2024-06-27
763,Cyber Incident 763,Medium,in_progress,2024-08-14
764,Cyber Incident 764,Medium,open,2024-11-12
765,Cyber Incident 765,Critical,open,2022-11-04
766,Cyber Incident 766,High,open,2023-09-14
767,Cyber Incident 767,Medium,closed,2022-10-13
768,Cyber Incident 768,Critical,open,2022-04-25
769,Cyber Incident 769,Low,in_progress,2024-04-24
770,Cyber Incident 770,Low,open,2022-02-12
771,Cyber Incident 771,Low,closed,2024-09-29
772,Cyber Incident 772,Low,closed,2024-06-01
773,Cyber Incident 773,Medium,open,2024-03-14
774,Cyber Incident 774,High,open,2023-05-19
775,Cyber Incident 775,Critical,in_progress,2024-04-21
776,Cyber Incident 776,Low,open,2024-11-25
777,Cyber Incident 777,Medium,open,2023-05-22
778,Cyber Incident 778,Medium,open,2022-03-21
779,Cyber Incident 779,High,open,2022-09-13
780,Cyber Incident 780,Low,open,2022-09-01
781,Cyber Incident 781,Critical,closed,2022-09-08
782,Cyber Incident 782,Critical,in_progress,2024-05-15
783,Cyber Incident 783,High,closed,2024-06-04
784,Cyber Incident 784,Low,open,2024-05-14
785,Cyber Incident 785,Low,open,2023-09-16
786,Cyber Incident 786,Medium,closed,2024-11-09
787,Cyber Incident 787,Medium,open,2023-11-21
788,Cyber Incident 788,High,open,2022-05-28
789,Cyber Incident 789,Medium,closed,2024-03-09
790,Cyber Incident 790,Critical,in_progress,2023-10-17
791,Cyber Incident 791,High,in_progress,2024-07-25
792,Cyber Incident 792,Medium,closed,2024-11-15
793,Cyber Incident 793,High,in_progress,2022-12-11
794,Cyber Incident 794,Low,closed,2023-01-27
795,Cyber Incident 795,Critical,in_progress,2022-02-06
796,Cyber Incident 796,High,open,2022-06-09
797,Cyber Incident 797,Low,open,2024-01-13
798,Cyber Incident 798,Critical,closed,2024-10-20
799,Cyber Incident 799,Low,open,2022-10-27
800,Cyber Incident 800,Low,closed,2023-07-18
801,Cyber Incident 801,Critical,open,2022-11-24
802,Cyber Incident 802,Medium,closed,2022-06-10
803,Cyber Incident 803,Medium,in_progress,2023-07-23
804,Cyber Incident 804,High,in_progress,2023-10-03
805,Cyber Incident 805,Low,open,2023-04-08
806,Cyber Incident 806,High,in_progress,2022-04-23
807,Cyber Incident 807,Medium,in_progress,2023-07-28
808,Cyber Incident 808,Critical,in_progress,2023-07-04
809,Cyber Incident 809,Medium,closed,2024-07-13
810,Cyber Incident 810,High,in_progress,2022-03-25
811,Cyber Incident 811,Medium,open,2024-05-04
812,Cyber Incident 812,High,in_progress,2024-01-21
813,Cyber Incident 813,Critical,in_progress,2024-08-23
814,Cyber Incident 814,Medium,in_progress,2022-03-07
815,Cyber Incident 815,Medium,in_progress,2024-02-26
816,Cyber Incident 816,Medium,open,2024-06-29
817,Cyber Incident 817,High,in_progress,2023-04-07
818,Cyber Incident 818,Medium,open,2023-12-12
819,Cyber Incident 819,High,open,2023-03-22
820,Cyber Incident 820,Medium,in_progress,2024-12-30
821,Cyber Incident 821,High,open,2024-07-11
822,Cyber Incident 822,Critical,open,2024-05-01
823,Cyber Incident 823,Critical,open,2023-12-18
824,Cyber Incident 824,Low,open,2023-07-16
825,Cyber Incident 825,Critical,open,2022-12-11
826,Cyber Incident 826,Medium,open,2023-05-08
827,Cyber Incident 827,Medium,open,2022-02-26
828,Cyber Incident 828,Critical,in_progress,2024-03-15
829,Cyber Incident 829,Medium,closed,2024-11-26
830,Cyber Incident 830,High,closed,2024-03-27
831,Cyber Incident 831,Low,in_progress,2022-09-16
832,Cyber Incident 832,Critical,in_progress,2023-08-02
833,Cyber Incident 833,Critical,closed,2022-11-26
834,Cyber Incident 834,High,in_progress,2024-06-17
835,Cyber Incident 835,Low,closed,2023-08-12
836,Cyber Incident 836,Medium,open,2024-06-19
837,Cyber Incident 837,Medium,open,2024-06-05
838,Cyber Incident 838,High,closed,2024-03-22
839,Cyber Incident 839,Critical,closed,2024-03-29
840,Cyber Incident 840,Medium,open,2022-12-06
841,Cyber Incident 841,Medium,in_progress,2024-03-14
842,Cyber Incident 842,Low,open,2024-12-30
843,Cyber Incident 843,Critical,open,2023-10-18
844,Cyber Incident 844,Low,open,2024-06-11
845,Cyber Incident 845,Critical,closed,2024-08-09
846,Cyber Incident 846,Low,closed,2023-06-04
847,Cyber Incident 847,High,closed,2023-05-12
848,Cyber Incident 848,Medium,open,2022-05-28
849,Cyber Incident 849,Medium,open,2023-05-18
850,Cyber Incident 850,Critical,in_progress,2022-08-31
851,Cyber Incident 851,Low,closed,2024-02-07
852,Cyber Incident 852,Medium,closed,2022-11-08
853,Cyber Incident 853,Critical,open,2023-10-19
854,Cyber Incident 854,Critical,in_progress,2024-05-26
855,Cyber Incident 855,Medium,in_progress,2024-03-05
856,Cyber Incident 856,Low,open,2022-02-14
857,Cyber Incident 857,High,open,2023-08-13
858,Cyber Incident 858,Medium,open,2023-09-11
859,Cyber Incident 859,Medium,closed,2023-03-18
860,Cyber Incident 860,Low,closed,2024-03-19
861,Cyber Incident 861,Low,in_progress,2022-03-14
862,Cyber Incident 862,High,open,2024-08-17
863,Cyber Incident 863,High,in_progress,2024-09-28
864,Cyber Incident 864,Medium,closed,2024-09-05
865,Cyber Incident 865,High,open,2024-09-22
866,Cyber Incident 866,Medium,open,2024-01-23
867,Cyber Incident 867,Low,in_progress,2024-01-06
868,Cyber Incident 868,Low,closed,2023-10-06
869,Cyber Incident 869,High,closed,2024-08-14
870,Cyber Incident 870,Medium,closed,2022-12-14
871,Cyber Incident 871,Medium,open,2022-10-28
872,Cyber Incident 872,Low,in_progress,2022-12-25
873,Cyber Incident 873,Critical,in_progress,2024-09-21
874,Cyber Incident 874,High,open,2024-10-26
875,Cyber Incident 875,Low,open,2023-06-02
876,Cyber Incident 876,Low,closed,2022-05-06
877,Cyber Incident 877,Critical,closed,2023-10-16
878,Cyber Incident 878,Medium,in_progress,2024-05-14
879,Cyber Incident 879,Low,open,2024-03-28
880,Cyber Incident 880,Critical,closed,2023-09-22
881,Cyber Incident 881,High,in_progress,2022-06-03
882,Cyber Incident 882,Low,closed,2024-05-31
883,Cyber Incident 883,High,open,2023-11-03
884,Cyber Incident 884,Critical,in_progress,2022-09-05
885,Cyber Incident 885,Medium,in_progress,2023-12-09
886,Cyber Incident 886,Medium,in_progress,2023-04-22
887,Cyber Incident 887,Medium,open,2024-07-10
888,Cyber Incident 888,High,in_progress,2022-08-14
889,Cyber Incident 889,High,closed,2023-11-16
890,Cyber Incident 890,Medium,open,2024-10-18
891,Cyber Incident 891,High,open,2024-11-09
892,Cyber Incident 892,High,in_progress,2024-06-04
893,Cyber Incident 893,Low,in_progress,2023-08-21
894,Cyber Incident 894,Critical,in_progress,2023-11-24
895,Cyber Incident 895,Medium,open,2023-09-22
896,Cyber Incident 896,Medium,open,2023-10-03
897,Cyber Incident 897,Critical,open,2022-12-13
898,Cyber Incident 898,Critical,closed,2023-07-22
899,Cyber Incident 899,Low,open,2024-03-19
900,Cyber Incident 900,High,closed,2023-02-10
901,Cyber Incident 901,Medium,open,2023-11-25
902,Cyber Incident 902,Critical,in_progress,2022-11-15
903,Cyber Incident 903,Low,open,2024-12-20
904,Cyber Incident 904,High,closed,2023-07-14
905,Cyber Incident 905,Low,in_progress,2023-03-24
906,Cyber Incident 906,Critical,open,2024-01-14
907,Cyber Incident 907,Critical,open,2023-03-19
908,Cyber Incident 908,Medium,in_progress,2022-11-11
909,Cyber Incident 909,Critical,closed,2024-07-22
910,Cyber Incident 910,High,open,2022-01-07
911,Cyber Incident 911,Critical,closed,2023-04-30
912,Cyber Incident 912,High,open,2022-03-21
913,Cyber Incident 913,High,open,2023-06-30
914,Cyber Incident 914,Low,closed,2022-04-05
915,Cyber Incident 915,Medium,in_progress,2023-12-25
916,Cyber Incident 916,Low,in_progress,2022-06-02
917,Cyber Incident 917,Critical,closed,2024-02-24
918,Cyber Incident 918,Low,in_progress,2022-04-17
919,Cyber Incident 919,High,closed,2022-05-20
920,Cyber Incident 920,Low,in_progress,2024-06-25
921,Cyber Incident 921,High,closed,2022-01-25
922,Cyber Incident 922,Medium,open,2022-03-12
923,Cyber Incident 923,Critical,open,2024-11-23
924,Cyber Incident 924,Medium,closed,2024-08-16
925,Cyber Incident 925,Critical,closed,2022-08-27
926,Cyber Incident 926,Low,open,2022-10-01
927,Cyber Incident 927,High,open,2024-06-28
928,Cyber Incident 928,Low,open,2024-02-12
929,Cyber Incident 929,Critical,closed,2024-08-22
930,Cyber Incident 930,Low,closed,2023-10-28
931,Cyber Incident 931,Medium,in_progress,2024-01-18
932,Cyber Incident 932,Low,in_progress,2024-09-14
933,Cyber Incident 933,Critical,open,2023-12-02
934,Cyber Incident 934,Medium,open,2022-04-21
935,Cyber Incident 935,High,open,2023-10-11
936,Cyber Incident 936,Medium,closed,2024-06-14
937,Cyber Incident 937,Low,closed,2023-04-08
938,Cyber Incident 938,High,closed,2024-11-03
939,Cyber Incident 939,Critical,in_progress,2022-11-04
940,Cyber Incident 940,Low,in_progress,2023-02-08
941,Cyber Incident 941,Low,open,2023-05-25
942,Cyber Incident 942,Critical,closed,2024-03-18
943,Cyber Incident 943,Low,open,2024-12-27
944,Cyber Incident 944,Medium,closed,2024-02-16
945,Cyber Incident 945,Critical,open,2022-01-07
946,Cyber Incident 946,Low,in_progress,2024-04-12
947,Cyber Incident 947,High,closed,2024-05-31
948,Cyber Incident 948,Low,in_progress,2023-11-25
949,Cyber Incident 949,Medium,in_progress,2024-06-16
950,Cyber Incident 950,Critical,open,2022-08-30
951,Cyber Incident 951,Critical,open,2024-01-20
952,Cyber Incident 952,Critical,in_progress,2023-02-12
953,Cyber Incident 953,Medium,open,2024-03-11
954,Cyber Incident 954,High,in_progress,2023-09-22
955,Cyber Incident 955,Low,open,2022-03-28
956,Cyber Incident 956,High,open,2022-12-25
957,Cyber Incident 957,Medium,in_progress,2024-06-06
958,Cyber Incident 958,Critical,closed,2022-04-06
959,Cyber Incident 959,Critical,open,2022-09-21
960,Cyber Incident 960,High,open,2023-11-25
961,Cyber Incident 961,Critical,in_progress,2024-03-30
962,Cyber Incident 962,High,closed,2022-04-02
963,Cyber Incident 963,Critical,in_progress,2022-09-07
964,Cyber Incident 964,Low,in_progress,2022-12-11
965,Cyber Incident 965,Low,in_progress,2023-01-08
966,Cyber Incident 966,Medium,closed,2023-04-02
967,Cyber Incident 967,Low,in_progress,2024-05-07
968,Cyber Incident 968,Critical,open,2022-04-10
969,Cyber Incident 969,Low,closed,2023-10-16
970,Cyber Incident 970,Critical,in_progress,2022-11-24
971,Cyber Incident 971,Medium,in_progress,2023-01-06
972,Cyber Incident 972,High,closed,2023-07-03
973,Cyber Incident 973,Medium,closed,2023-04-01
974,Cyber Incident 974,Critical,closed,2024-06-18
975,Cyber Incident 975,High,open,2024-02-13
976,Cyber Incident 976,Critical,in_progress,2023-11-23
977,Cyber Incident 977,Critical,closed,2024-11-22
978,Cyber Incident 978,Medium,closed,2023-03-10
979,Cyber Incident 979,Medium,open,2023-01-09
980,Cyber Incident 980,Low,closed,2022-08-04
981,Cyber Incident 981,Low,in_progress,2022-04-15
982,Cyber Incident 982,Low,in_progress,2022-12-29
983,Cyber Incident 983,High,open,2023-07-10
984,Cyber Incident 984,Low,in_progress,2022-06-01
985,Cyber Incident 985,Medium,open,2023-01-28
986,Cyber Incident 986,Critical,in_progress,2023-08-08
987,Cyber Incident 987,Medium,open,2023-08-11
988,Cyber Incident 988,Critical,closed,2022-04-02
989,Cyber Incident 989,Medium,closed,2022-01-10
990,Cyber Incident 990,Medium,open,2023-06-08
991,Cyber Incident 991,Medium,closed,2022-08-27
992,Cyber Incident 992,Medium,closed,2023-03-25
993,Cyber Incident 993,Low,in_progress,2023-04-04
994,Cyber Incident 994,Critical,closed,2022-12-24
995,Cyber Incident 995,Medium,open,2022-05-24
996,Cyber Incident 996,Medium,closed,2022-03-22
997,Cyber Incident 997,Critical,closed,2023-05-17
998,Cyber Incident 998,Low,open,2024-06-30
999,Cyber Incident 999,Medium,in_progress,2023-06-26
1000,Cyber Incident 1000,Critical,in_progress,2023-10-16
