id,name,source,category,size
1,Dataset 1,Web Scraping,Finance,93114
2,Dataset 2,Sensor,Security,14282
3,Dataset 3,Manual Upload,Security,92349
4,Dataset 4,Web Scraping,Health,67152
5,Dataset 5,Manual Upload,Finance,80959
6,Dataset 6,API,Sensor,85912
7,Dataset 7,API,Health,98922
8,Dataset 8,Manual Upload,Retail,34185
9,Dataset 9,Web Scraping,Finance,40503
10,Dataset 10,API,Finance,21992
11,Dataset 11,API,Health,28217
12,Dataset 12,Manual Upload,Health,95990
13,Dataset 13,Manual Upload,Security,93106
14,Dataset 14,Sensor,Finance,71531
15,Dataset 15,API,Security,3793
16,Dataset 16,Sensor,Health,95777
17,Dataset 17,Manual Upload,Finance,78282
18,Dataset 18,API,Security,60278
19,Dataset 19,API,Sensor,4087
20,Dataset 20,API,Health,72478
21,Dataset 21,Manual Upload,Sensor,58516
22,Dataset 22,Sensor,Finance,37376
23,Dataset 23,Sensor,Security,99962
24,Dataset 24,Sensor,Retail,95584
25,Dataset 25,Web Scraping,Retail,2292
26,Dataset 26,Manual Upload,Security,60689
27,Dataset 27,Sensor,Sensor,10880
28,Dataset 28,Web Scraping,Sensor,86601
29,Dataset 29,Sensor,Sensor,7507
30,Dataset 30,Manual Upload,Retail,82415
31,Dataset 31,Web Scraping,Finance,30089
32,Dataset 32,API,Finance,9606
33,Dataset 33,Web Scraping,Finance,76986
34,Dataset 34,Web Scraping,Finance,7504
35,Dataset 35,Web Scraping,Retail,61352
36,Dataset 36,Sensor,Sensor,53619
37,Dataset 37,Sensor,Retail,31092
38,Dataset 38,Sensor,Finance,5876
39,Dataset 39,Manual Upload,Security,47765
40,Dataset 40,Web Scraping,Retail,63405
41,Dataset 41,Web Scraping,Sensor,51715
42,Dataset 42,API,Sensor,55615
43,Dataset 43,API,Retail,51688
44,Dataset 44,Web Scraping,Sensor,45200
45,Dataset 45,API,Sensor,12235
46,Dataset 46,API,Sensor,66321
47,Dataset 47,Sensor,Security,65517
48,Dataset 48,Sensor,Retail,60950
49,Dataset 49,API,Security,18724
50,Dataset 50,Web Scraping,Finance,40822
51,Dataset 51,API,Finance,70484
52,Dataset 52,API,Finance,99014
53,Dataset 53,Web Scraping,Finance,45985
54,Dataset 54,API,Sensor,91270
55,Dataset 55,Sensor,Retail,5877
56,Dataset 56,API,Finance,59061
57,Dataset 57,Web Scraping,Finance,81792
58,Dataset 58,Sensor,Retail,51578
59,Dataset 59,API,Security,37793
60,Dataset 60,Web Scraping,Finance,10463
61,Dataset 61,Sensor,Retail,11730
62,Dataset 62,Manual Upload,Health,1797
63,Dataset 63,Web Scraping,Security,54974
64,Dataset 64,Web Scraping,Retail,16365
65,Dataset 65,API,Finance,54722
66,Dataset 66,Manual Upload,Security,98819
67,Dataset 67,Manual Upload,Retail,55111
68,Dataset 68,Sensor,Retail,86321
69,Dataset 69,Manual Upload,Security,49380
70,Dataset 70,API,Sensor,63073
71,Dataset 71,Sensor,Security,14602
72,Dataset 72,Manual Upload,Sensor,5523
73,Dataset 73,Web Scraping,Finance,152
74,Dataset 74,Web Scraping,Sensor,27913
75,Dataset 75,Sensor,Sensor,98505
76,Dataset 76,Web Scraping,Security,28394
77,Dataset 77,Sensor,Security,36868
78,Dataset 78,Manual Upload,Security,78709
79,Dataset 79,Sensor,Finance,27999
80,Dataset 80,Manual Upload,Retail,94325
81,Dataset 81,Manual Upload,Health,53212
82,Dataset 82,API,Retail,20486
83,Dataset 83,API,Sensor,99824
84,Dataset 84,Manual Upload,Finance,89227
85,Dataset 85,Sensor,Sensor,2405
86,Dataset 86,Manual Upload,Sensor,75742
87,Dataset 87,API,Retail,31998
88,Dataset 88,API,Finance,81116
89,Dataset 89,Web Scraping,Security,25980
90,Dataset 90,Manual Upload,Health,36901
91,Dataset 91,Manual Upload,Health,69047
92,Dataset 92,Sensor,Health,21808
93,Dataset 93,Sensor,Security,11444
94,Dataset 94,Sensor,Security,71005
95,Dataset 95,Web Scraping,Finance,2977
96,Dataset 96,API,Finance,19828
97,Dataset 97,API,Security,13572
98,Dataset 98,Sensor,Retail,97508
99,Dataset 99,Manual Upload,Security,11439
100,Dataset 100,API,Retail,53182
101,Dataset 101,Sensor,Health,89963
102,Dataset 102,API,Finance,82991
103,Dataset 103,API,Security,54823
104,Dataset 104,Web Scraping,Security,25375
105,Dataset 105,Manual Upload,Sensor,27167
106,Dataset 106,Manual Upload,Retail,62710
107,Dataset 107,API,Finance,5979
108,Dataset 108,Manual Upload,Finance,41906
109,Dataset 109,API,Health,24148
110,Dataset 110,Web Scraping,Sensor,38612
111,Dataset 111,API,Retail,36643
112,Dataset 112,Manual Upload,Health,70223
113,Dataset 113,Manual Upload,Retail,45591
114,Dataset 114,API,Security,96906
115,Dataset 115,Web Scraping,Health,23710
116,Dataset 116,Web Scraping,Sensor,98034
117,Dataset 117,Manual Upload,Sensor,37290
118,Dataset 118,Manual Upload,Sensor,97704
119,Dataset 119,API,Finance,37492
120,Dataset 120,Sensor,Security,66724
121,Dataset 121,Web Scraping,Finance,2076
122,Dataset 122,Manual Upload,Sensor,24303
123,Dataset 123,Web Scraping,Health,97933
124,Dataset 124,Web Scraping,Retail,1909
125,Dataset 125,Manual Upload,Security,68269
126,Dataset 126,Manual Upload,Retail,13288
127,Dataset 127,Sensor,Sensor,70928
128,Dataset 128,Web Scraping,Security,84246
129,Dataset 129,Sensor,Finance,575
130,Dataset 130,API,Finance,78629
131,Dataset 131,Sensor,Sensor,62029
132,Dataset 132,Sensor,Sensor,59402
133,Dataset 133,Sensor,Finance,31753
134,Dataset 134,Sensor,Security,64217
135,Dataset 135,Sensor,Security,45399
136,Dataset 136,API,Finance,49483
137,Dataset 137,Sensor,Sensor,28720
138,Dataset 138,Sensor,Finance,59518
139,Dataset 139,Manual Upload,Retail,76412
140,Dataset 140,Manual Upload,Sensor,78581
141,Dataset 141,Sensor,Security,63098
142,Dataset 142,Web Scraping,Security,48499
143,Dataset 143,API,Retail,10034
144,Dataset 144,Sensor,Sensor,68266
145,Dataset 145,Manual Upload,Finance,52959
146,Dataset 146,Manual Upload,Sensor,49939
147,Dataset 147,Sensor,Finance,88456
148,Dataset 148,Manual Upload,Sensor,8753
149,Dataset 149,Sensor,Health,92742
150,Dataset 150,Sensor,Security,55284
151,Dataset 151,Sensor,Sensor,55949
152,Dataset 152,Web Scraping,Retail,9676
153,Dataset 153,API,Health,52802
154,Dataset 154,Sensor,Finance,85209
155,Dataset 155,Web Scraping,Sensor,40268
156,Dataset 156,Web Scraping,Retail,15156
157,Dataset 157,API,Security,39994
158,Dataset 158,Sensor,Sensor,22161
159,Dataset 159,Sensor,Finance,53404
160,Dataset 160,Manual Upload,Security,40216
161,Dataset 161,API,Retail,46859
162,Dataset 162,Manual Upload,Security,90037
163,Dataset 163,API,Sensor,80828
164,Dataset 164,Manual Upload,Retail,16465
165,Dataset 165,API,Retail,73214
166,Dataset 166,Manual Upload,Sensor,1920
167,Dataset 167,Sensor,Retail,14160
168,Dataset 168,API,Health,73122
169,Dataset 169,Sensor,Security,60543
170,Dataset 170,API,Health,19769
171,Dataset 171,Web Scraping,Sensor,73373
172,Dataset 172,API,Retail,11904
173,Dataset 173,API,Finance,53414
174,Dataset 174,API,Finance,29732
175,Dataset 175,Web Scraping,Finance,2775
176,Dataset 176,API,Health,12254
177,Dataset 177,Manual Upload,Retail,84490
178,Dataset 178,Web Scraping,Health,86280
179,Dataset 179,Manual Upload,Finance,56979
180,Dataset 180,API,Sensor,59517
181,Dataset 181,Manual Upload,Health,43156
182,Dataset 182,Manual Upload,Security,36279
183,Dataset 183,API,Retail,79709
184,Dataset 184,Manual Upload,Health,85545
185,Dataset 185,Web Scraping,Sensor,80549
186,Dataset 186,Manual Upload,Security,70302
187,Dataset 187,API,Sensor,86644
188,Dataset 188,API,Health,32272
189,Dataset 189,Sensor,Retail,82282
190,Dataset 190,Manual Upload,Health,54758
191,Dataset 191,Sensor,Sensor,35076
192,Dataset 192,Web Scraping,Finance,98644
193,Dataset 193,Manual Upload,Finance,84466
194,Dataset 194,Web Scraping,Security,46464
195,Dataset 195,Manual Upload,Health,11152
196,Dataset 196,Web Scraping,Health,68993
197,Dataset 197,Web Scraping,Retail,20434
198,Dataset 198,Sensor,Finance,46473
199,Dataset 199,Manual Upload,Security,5700
200,Dataset 200,Manual Upload,Finance,45418
201,Dataset 201,Web Scraping,Sensor,24383
202,Dataset 202,Manual Upload,Finance,48283
203,Dataset 203,Sensor,Sensor,49388
204,Dataset 204,Sensor,Security,63537
205,Dataset 205,API,Finance,32524
206,Dataset 206,API,Finance,15452
207,Dataset 207,API,Health,34642
208,Dataset 208,Web Scraping,Sensor,72083
209,Dataset 209,Sensor,Finance,93146
210,Dataset 210,Manual Upload,Security,29320
211,Dataset 211,Manual Upload,Sensor,73276
212,Dataset 212,Sensor,Health,67480
213,Dataset 213,API,Retail,42965
214,Dataset 214,Manual Upload,Sensor,8662
215,Dataset 215,API,Sensor,8546
216,Dataset 216,Sensor,Sensor,65914
217,Dataset 217,API,Retail,32648
218,Dataset 218,API,Health,94499
219,Dataset 219,API,Security,22372
220,Dataset 220,Sensor,Retail,91872
221,Dataset 221,Manual Upload,Sensor,80480
222,Dataset 222,Web Scraping,Finance,41683
223,Dataset 223,Web Scraping,Health,84260
224,Dataset 224,Manual Upload,Sensor,68739
225,Dataset 225,Web Scraping,Sensor,285
226,Dataset 226,Sensor,Finance,19686
227,Dataset 227,Manual Upload,Retail,97528
228,Dataset 228,API,Finance,20077
229,Dataset 229,API,Retail,14748
230,Dataset 230,Web Scraping,Security,51422
231,Dataset 231,Sensor,Health,22469
232,Dataset 232,Manual Upload,Retail,1005
233,Dataset 233,Web Scraping,Retail,5222
234,Dataset 234,Sensor,Security,36219
235,Dataset 235,API,Security,28669
236,Dataset 236,Web Scraping,Health,713
237,Dataset 237,Manual Upload,Sensor,35350
238,Dataset 238,Web Scraping,Retail,21078
239,Dataset 239,Web Scraping,Security,41561
240,Dataset 240,Web Scraping,Finance,4621
241,Dataset 241,API,Health,49208
242,Dataset 242,Manual Upload,Finance,35331
243,Dataset 243,Web Scraping,Finance,54670
244,Dataset 244,API,Sensor,65278
245,Dataset 245,Web Scraping,Health,18589
246,Dataset 246,Manual Upload,Sensor,18584
247,Dataset 247,Web Scraping,Retail,76966
248,Dataset 248,Web Scraping,Finance,91907
249,Dataset 249,Manual Upload,Retail,33872
250,Dataset 250,API,Retail,44114
251,Dataset 251,Manual Upload,Finance,91682
252,Dataset 252,Web Scraping,Retail,9281
253,Dataset 253,API,Retail,15364
254,Dataset 254,Sensor,Security,54002
255,Dataset 255,Sensor,Security,19144
256,Dataset 256,API,Retail,24972
257,Dataset 257,API,Retail,83684
258,Dataset 258,Manual Upload,Finance,14711
259,Dataset 259,Web Scraping,Security,1482
260,Dataset 260,Sensor,Sensor,16387
261,Dataset 261,Manual Upload,Security,74220
262,Dataset 262,Manual Upload,Finance,10539
263,Dataset 263,Web Scraping,Health,75154
264,Dataset 264,Web Scraping,Security,25883
265,Dataset 265,Manual Upload,Health,36457
266,Dataset 266,API,Security,3360
267,Dataset 267,Sensor,Sensor,5485
268,Dataset 268,Web Scraping,Retail,96238
269,Dataset 269,Sensor,Finance,72449
270,Dataset 270,Web Scraping,Finance,50070
271,Dataset 271,Manual Upload,Security,38331
272,Dataset 272,Web Scraping,Finance,85896
273,Dataset 273,Web Scraping,Finance,13378
274,Dataset 274,API,Sensor,78038
275,Dataset 275,Manual Upload,Security,73144
276,Dataset 276,API,Security,89609
277,Dataset 277,Web Scraping,Security,14667
278,Dataset 278,API,Retail,89858
279,Dataset 279,Manual Upload,Finance,82560
280,Dataset 280,Sensor,Health,42760
281,Dataset 281,API,Health,13199
282,Dataset 282,Sensor,Sensor,34678
283,Dataset 283,Manual Upload,Security,13950
284,Dataset 284,Sensor,Health,69901
285,Dataset 285,Manual Upload,Health,62896
286,Dataset 286,Sensor,Sensor,89361
287,Dataset 287,Manual Upload,Security,53044
288,Dataset 288,API,Finance,92047
289,Dataset 289,API,Retail,45115
290,Dataset 290,Sensor,Retail,54818
291,Dataset 291,Sensor,Finance,84350
292,Dataset 292,Manual Upload,Retail,19678
293,Dataset 293,API,Health,26604
294,Dataset 294,Manual Upload,Sensor,15459
295,Dataset 295,API,Security,36228
296,Dataset 296,Manual Upload,Health,29428
297,Dataset 297,API,Security,38300
298,Dataset 298,Web Scraping,Security,16375
299,Dataset 299,Manual Upload,Finance,87696
300,Dataset 300,Manual Upload,Health,40612
301,Dataset 301,Manual Upload,Sensor,3907
302,Dataset 302,Sensor,Finance,49953
303,Dataset 303,Web Scraping,Security,47225
304,Dataset 304,Web Scraping,Security,94854
305,Dataset 305,API,Health,11938
306,Dataset 306,Web Scraping,Sensor,11537
307,Dataset 307,Manual Upload,Retail,7512
308,Dataset 308,API,Security,13866
309,Dataset 309,API,Sensor,42523
310,Dataset 310,API,Sensor,53342
311,Dataset 311,Manual Upload,Sensor,26072
312,Dataset 312,API,Retail,96124
313,Dataset 313,Manual Upload,Retail,47134
314,Dataset 314,Web Scraping,Finance,68786
315,Dataset 315,Manual Upload,Security,22930
316,Dataset 316,Web Scraping,Retail,9438
317,Dataset 317,API,Health,49880
318,Dataset 318,Web Scraping,Health,28630
319,Dataset 319,Web Scraping,Health,84775
320,Dataset 320,Manual Upload,Security,11518
321,Dataset 321,Sensor,Finance,22771
322,Dataset 322,Web Scraping,Finance,98368
323,Dataset 323,API,Finance,68908
324,Dataset 324,Web Scraping,Sensor,5631
325,Dataset 325,Web Scraping,Security,47606
326,Dataset 326,Sensor,Finance,26364
327,Dataset 327,Web Scraping,Health,36288
328,Dataset 328,Manual Upload,Health,92091
329,Dataset 329,Manual Upload,Sensor,81895
330,Dataset 330,Sensor,Finance,51382
331,Dataset 331,Web Scraping,Security,11390
332,Dataset 332,Sensor,Security,78525
333,Dataset 333,Manual Upload,Sensor,42616
334,Dataset 334,Web Scraping,Security,66804
335,Dataset 335,Web Scraping,Finance,97033
336,Dataset 336,Sensor,Finance,99548
337,Dataset 337,Web Scraping,Health,77658
338,Dataset 338,Manual Upload,Security,76132
339,Dataset 339,Manual Upload,Sensor,38203
340,Dataset 340,API,Retail,36409
341,Dataset 341,Sensor,Sensor,50218
342,Dataset 342,Sensor,Finance,15502
343,Dataset 343,Web Scraping,Finance,56589
344,Dataset 344,Sensor,Finance,28565
345,Dataset 345,Sensor,Security,15026
346,Dataset 346,Sensor,Retail,18128
347,Dataset 347,API,Security,21061
348,Dataset 348,API,Sensor,28878
349,Dataset 349,Sensor,Finance,29107
350,Dataset 350,API,Sensor,18489
351,Dataset 351,Web Scraping,Finance,7795
352,Dataset 352,Sensor,Sensor,61006
353,Dataset 353,API,Retail,47014
354,Dataset 354,Web Scraping,Finance,74972
355,Dataset 355,Web Scraping,Security,34270
356,Dataset 356,Web Scraping,Health,6010
357,Dataset 357,API,Security,24273
358,Dataset 358,Sensor,Finance,33858
359,Dataset 359,API,Finance,46275
360,Dataset 360,Web Scraping,Finance,43013
361,Dataset 361,Web Scraping,Retail,44542
362,Dataset 362,API,Security,60222
363,Dataset 363,API,Sensor,83826
364,Dataset 364,Web Scraping,Finance,14619
365,Dataset 365,Sensor,Finance,48832
366,Dataset 366,Manual Upload,Security,63852
367,Dataset 367,Sensor,Security,89346
368,Dataset 368,Web Scraping,Retail,9240
369,Dataset 369,API,Retail,98466
370,Dataset 370,API,Health,45701
371,Dataset 371,Web Scraping,Health,50622
372,Dataset 372,Manual Upload,Sensor,69673
373,Dataset 373,API,Finance,86415
374,Dataset 374,Sensor,Security,14426
375,Dataset 375,Web Scraping,Finance,34283
376,Dataset 376,Manual Upload,Sensor,1566
377,Dataset 377,Manual Upload,Sensor,35557
378,Dataset 378,Sensor,Security,59044
379,Dataset 379,Manual Upload,Retail,40652
380,Dataset 380,Manual Upload,Finance,52562
381,Dataset 381,Sensor,Health,32601
382,Dataset 382,Web Scraping,Finance,53965
383,Dataset 383,Manual Upload,Retail,46455
384,Dataset 384,Web Scraping,Finance,52175
385,Dataset 385,Web Scraping,Health,50768
386,Dataset 386,Sensor,Finance,92967
387,Dataset 387,API,Security,93063
388,Dataset 388,API,Finance,99933
389,Dataset 389,API,Security,45981
390,Dataset 390,Manual Upload,Security,61549
391,Dataset 391,Manual Upload,Finance,43778
392,Dataset 392,API,Security,43523
393,Dataset 393,Web Scraping,Sensor,90890
394,Dataset 394,API,Finance,90908
395,Dataset 395,Sensor,Health,15861
396,Dataset 396,Sensor,Retail,22039
397,Dataset 397,API,Health,96516
398,Dataset 398,Web Scraping,Sensor,41803
399,Dataset 399,API,Security,38449
400,Dataset 400,Sensor,Security,6951
401,Dataset 401,API,Health,13241
402,Dataset 402,Sensor,Finance,24021
403,Dataset 403,API,Retail,41369
404,Dataset 404,Web Scraping,Sensor,9291
405,Dataset 405,Manual Upload,Retail,55432
406,Dataset 406,API,Retail,52231
407,Dataset 407,Web Scraping,Security,53808
408,Dataset 408,API,Security,98316
409,Dataset 409,API,Security,52301
410,Dataset 410,Sensor,Security,27649
411,Dataset 411,Manual Upload,Finance,68631
412,Dataset 412,Sensor,Finance,81381
413,Dataset 413,Manual Upload,Retail,91594
414,Dataset 414,Sensor,Health,30921
415,Dataset 415,Sensor,Security,26163
416,Dataset 416,Sensor,Sensor,34921
417,Dataset 417,Web Scraping,Health,47898
418,Dataset 418,Sensor,Sensor,93715
419,Dataset 419,Sensor,Finance,77369
420,Dataset 420,API,Health,68266
421,Dataset 421,API,Sensor,70161
422,Dataset 422,Sensor,Security,80037
423,Dataset 423,Manual Upload,Finance,17558
424,Dataset 424,Sensor,Security,22043
425,Dataset 425,Web Scraping,Sensor,50579
426,Dataset 426,Sensor,Security,19253
427,Dataset 427,API,Security,23005
428,Dataset 428,Sensor,Finance,94306
429,Dataset 429,Web Scraping,Security,97162
430,Dataset 430,Web Scraping,Sensor,73441
431,Dataset 431,Web Scraping,Retail,70646
432,Dataset 432,Web Scraping,Finance,22013
433,Dataset 433,Manual Upload,Health,79169
434,Dataset 434,API,Sensor,5061
435,Dataset 435,Sensor,Finance,85481
436,Dataset 436,Sensor,Sensor,760
437,Dataset 437,Web Scraping,Security,13482
438,Dataset 438,Manual Upload,Sensor,14143
439,Dataset 439,API,Finance,20924
440,Dataset 440,Manual Upload,Sensor,77826
441,Dataset 441,Manual Upload,Sensor,40956
442,Dataset 442,Manual Upload,Finance,62735
443,Dataset 443,Manual Upload,Retail,92222
444,Dataset 444,API,Security,96226
445,Dataset 445,Web Scraping,Security,99359
446,Dataset 446,Web Scraping,Health,26536
447,Dataset 447,API,Security,10264
448,Dataset 448,Web Scraping,Sensor,70402
449,Dataset 449,Sensor,Health,81176
450,Dataset 450,Sensor,Security,20759
451,Dataset 451,Sensor,Sensor,21448
452,Dataset 452,Sensor,Sensor,27677
453,Dataset 453,Manual Upload,Retail,52156
454,Dataset 454,Manual Upload,Finance,49395
455,Dataset 455,Manual Upload,Health,69697
456,Dataset 456,Sensor,Sensor,68747
457,Dataset 457,API,Health,70901
458,Dataset 458,API,Security,26123
459,Dataset 459,Manual Upload,Security,36634
460,Dataset 460,Manual Upload,Health,57843
461,Dataset 461,API,Security,19492
462,Dataset 462,API,Finance,35288
463,Dataset 463,Manual Upload,Finance,14080
464,Dataset 464,Manual Upload,Sensor,27044
465,Dataset 465,Web Scraping,Sensor,54061
466,Dataset 466,Manual Upload,Sensor,20409
467,Dataset 467,Manual Upload,Sensor,39356
468,Dataset 468,Web Scraping,Security,63504
469,Dataset 469,Sensor,Sensor,37849
470,Dataset 470,Web Scraping,Sensor,65109
471,Dataset 471,Manual Upload,Retail,95231
472,Dataset 472,Web Scraping,Sensor,23618
473,Dataset 473,Manual Upload,Sensor,20384
474,Dataset 474,Web Scraping,Sensor,37088
475,Dataset 475,Web Scraping,Health,64560
476,Dataset 476,Web Scraping,Security,76644
477,Dataset 477,Web Scraping,Sensor,77258
478,Dataset 478,Web Scraping,Finance,23686
479,Dataset 479,Manual Upload,Finance,98959
480,Dataset 480,Sensor,Sensor,59874
481,Dataset 481,API,Security,54892
482,Dataset 482,API,Finance,19429
483,Dataset 483,API,Security,60550
484,Dataset 484,API,Security,90831
485,Dataset 485,Sensor,Health,58624
486,Dataset 486,Web Scraping,Sensor,84362
487,Dataset 487,Web Scraping,Health,27818
488,Dataset 488,Manual Upload,Finance,43512
489,Dataset 489,Manual Upload,Health,8508
490,Dataset 490,Sensor,Security,25021
491,Dataset 491,Sensor,Security,61244
492,Dataset 492,Web Scraping,Sensor,3489
493,Dataset 493,Sensor,Finance,89400
494,Dataset 494,Sensor,Health,44038
495,Dataset 495,Sensor,Retail,40164
496,Dataset 496,Manual Upload,Health,38413
497,Dataset 497,Web Scraping,Retail,28332
498,Dataset 498,Sensor,Health,13374
499,Dataset 499,API,Sensor,80997
500,Dataset 500,Sensor,Sensor,489
501,Dataset 501,Sensor,Retail,94023
502,Dataset 502,API,Finance,93771
503,Dataset 503,API,Sensor,95968
504,Dataset 504,Web Scraping,Retail,53202
505,Dataset 505,Manual Upload,Sensor,79870
506,Dataset 506,Manual Upload,Sensor,13194
507,Dataset 507,Web Scraping,Retail,83598
508,Dataset 508,Web Scraping,Security,46514
509,Dataset 509,Manual Upload,Sensor,24704
510,Dataset 510,Manual Upload,Health,13414
511,Dataset 511,Sensor,Finance,84300
512,Dataset 512,API,Security,50266
513,Dataset 513,API,Retail,20398
514,Dataset 514,Sensor,Retail,6535
515,Dataset 515,Sensor,Security,85826
516,Dataset 516,Web Scraping,Retail,32529
517,Dataset 517,Sensor,Sensor,3243
518,Dataset 518,API,Security,43244
519,Dataset 519,API,Security,94697
520,Dataset 520,API,Retail,89144
521,Dataset 521,Sensor,Sensor,84791
522,Dataset 522,API,Health,32445
523,Dataset 523,API,Finance,89719
524,Dataset 524,Manual Upload,Finance,33486
525,Dataset 525,Sensor,Health,78013
526,Dataset 526,Manual Upload,Finance,23442
527,Dataset 527,Web Scraping,Security,96441
528,Dataset 528,Sensor,Security,88366
529,Dataset 529,Manual Upload,Security,55095
530,Dataset 530,API,Retail,95817
531,Dataset 531,Web Scraping,Finance,38372
532,Dataset 532,API,Sensor,25689
533,Dataset 533,API,Finance,78351
534,Dataset 534,Sensor,Health,15308
535,Dataset 535,Manual Upload,Finance,13482
536,Dataset 536,Web Scraping,Security,80992
537,Dataset 537,Sensor,Finance,49279
538,Dataset 538,Web Scraping,Security,3281
539,Dataset 539,API,Security,80621
540,Dataset 540,API,Retail,65815
541,Dataset 541,Manual Upload,Sensor,97054
542,Dataset 542,Web Scraping,Security,21700
543,Dataset 543,Web Scraping,Sensor,11698
544,Dataset 544,Sensor,Retail,53899
545,Dataset 545,Manual Upload,Security,55256
546,Dataset 546,API,Finance,99276
547,Dataset 547,Sensor,Finance,99231
548,Dataset 548,Web Scraping,Sensor,70767
549,Dataset 549,Manual Upload,Health,77931
550,Dataset 550,API,Security,24600
551,Dataset 551,Manual Upload,Retail,1980
552,Dataset 552,Web Scraping,Security,18115
553,Dataset 553,API,Health,70076
554,Dataset 554,API,Security,11972
555,Dataset 555,Sensor,Finance,27871
556,Dataset 556,Sensor,Health,38126
557,Dataset 557,Manual Upload,Health,41534
558,Dataset 558,API,Finance,23486
559,Dataset 559,API,Finance,73864
560,Dataset 560,Manual Upload,Security,34614
561,Dataset 561,Manual Upload,Sensor,19150
562,Dataset 562,API,Retail,34530
563,Dataset 563,Sensor,Health,76049
564,Dataset 564,API,Finance,12389
565,Dataset 565,Manual Upload,Retail,99590
566,Dataset 566,API,Sensor,84236
567,Dataset 567,Manual Upload,Sensor,155
568,Dataset 568,API,Finance,37762
569,Dataset 569,Web Scraping,Retail,27105
570,Dataset 570,API,Security,76917
571,Dataset 571,Sensor,Retail,62355
572,Dataset 572,Web Scraping,Health,37817
573,Dataset 573,Sensor,Retail,78246
574,Dataset 574,Sensor,Security,8296
575,Dataset 575,API,Security,85146
576,Dataset 576,Web Scraping,Health,2628
577,Dataset 577,API,Health,11915
578,Dataset 578,Web Scraping,Retail,1197
579,Dataset 579,Sensor,Sensor,86612
580,Dataset 580,API,Sensor,84751
581,Dataset 581,API,Retail,78862
582,Dataset 582,Web Scraping,Retail,99887
583,Dataset 583,Web Scraping,Health,91868
584,Dataset 584,Sensor,Health,26701
585,Dataset 585,Sensor,Health,72317
586,Dataset 586,Sensor,Health,6371
587,Dataset 587,Manual Upload,Finance,51932
588,Dataset 588,API,Sensor,38587
589,Dataset 589,Manual Upload,Finance,78421
590,Dataset 590,Sensor,Security,37688
591,Dataset 591,Web Scraping,Security,20181
592,Dataset 592,Manual Upload,Health,97820
593,Dataset 593,Manual Upload,Security,99669
594,Dataset 594,Sensor,Sensor,26941
595,Dataset 595,API,Finance,77884
596,Dataset 596,Sensor,Health,61086
597,Dataset 597,API,Sensor,96662
598,Dataset 598,Web Scraping,Retail,91411
599,Dataset 599,Web Scraping,Finance,69932
600,Dataset 600,Web Scraping,Finance,56179
601,Dataset 601,Web Scraping,Security,97251
602,Dataset 602,Web Scraping,Finance,13466
603,Dataset 603,Manual Upload,Retail,64247
604,Dataset 604,Web Scraping,Health,88698
605,Dataset 605,Manual Upload,Health,36722
606,Dataset 606,Manual Upload,Sensor,6954
607,Dataset 607,Manual Upload,Sensor,38702
608,Dataset 608,API,Sensor,89576
609,Dataset 609,Sensor,Finance,8272
610,Dataset 610,API,Finance,9612
611,Dataset 611,Sensor,Sensor,19904
612,Dataset 612,Sensor,Retail,82767
613,Dataset 613,Web Scraping,Retail,75788
614,Dataset 614,Sensor,Sensor,51048
615,Dataset 615,Sensor,Security,40124
616,Dataset 616,API,Security,1003
617,Dataset 617,API,Retail,82592
618,Dataset 618,Sensor,Sensor,28724
619,Dataset 619,API,Retail,73966
620,Dataset 620,Web Scraping,Security,8879
621,Dataset 621,API,Retail,65425
622,Dataset 622,Sensor,Health,52201
623,Dataset 623,Sensor,Health,28337
624,Dataset 624,Web Scraping,Health,47307
625,Dataset 625,API,Security,6817
626,Dataset 626,Sensor,Finance,91516
627,Dataset 627,API,Health,1694
628,Dataset 628,API,Security,68705
629,Dataset 629,API,Sensor,36795
630,Dataset 630,Web Scraping,Health,81704
631,Dataset 631,Web Scraping,Finance,64925
632,Dataset 632,API,Security,34633
633,Dataset 633,Sensor,Retail,91640
634,Dataset 634,Manual Upload,Security,6803
635,Dataset 635,Web Scraping,Health,54832
636,Dataset 636,Manual Upload,Security,69107
637,Dataset 637,Web Scraping,Finance,15803
638,Dataset 638,Web Scraping,Retail,25780
639,Dataset 639,Manual Upload,Security,7871
640,Dataset 640,Manual Upload,Finance,84498
641,Dataset 641,Sensor,Finance,17214
642,Dataset 642,Manual Upload,Security,38330
643,Dataset 643,API,Health,95819
644,Dataset 644,API,Retail,2908
645,Dataset 645,Web Scraping,Sensor,19822
646,Dataset 646,Manual Upload,Finance,10218
647,Dataset 647,API,Retail,89005
648,Dataset 648,Web Scraping,Sensor,19408
649,Dataset 649,API,Security,3064
650,Dataset 650,Sensor,Health,66269
651,Dataset 651,Manual Upload,Sensor,6055
652,Dataset 652,API,Retail,97876
653,Dataset 653,Manual Upload,Retail,7648
654,Dataset 654,API,Health,10273
655,Dataset 655,API,Finance,16576
656,Dataset 656,Manual Upload,Finance,9059
657,Dataset 657,Manual Upload,Health,6004
658,Dataset 658,Sensor,Retail,7527
659,Dataset 659,API,Sensor,79911
660,Dataset 660,Manual Upload,Security,73242
661,Dataset 661,Sensor,Retail,48936
662,Dataset 662,Sensor,Health,14881
663,Dataset 663,Manual Upload,Sensor,77229
664,Dataset 664,Sensor,Sensor,38352
665,Dataset 665,API,Health,54094
666,Dataset 666,Sensor,Health,75321
667,Dataset 667,Web Scraping,Security,24848
668,Dataset 668,Web Scraping,Sensor,737
669,Dataset 669,Web Scraping,Retail,76610
670,Dataset 670,Sensor,Retail,54822
671,Dataset 671,Web Scraping,Retail,39043
672,Dataset 672,Web Scraping,Retail,52548
673,Dataset 673,Manual Upload,Retail,50842
674,Dataset 674,Sensor,Security,99734
675,Dataset 675,API,Security,65275
676,Dataset 676,Web Scraping,Retail,61239
677,Dataset 677,Web Scraping,Finance,49642
678,Dataset 678,Web Scraping,Retail,68799
679,Dataset 679,Sensor,Finance,62780
680,Dataset 680,API,Health,32748
681,Dataset 681,Manual Upload,Retail,9605
682,Dataset 682,Sensor,Sensor,95471
683,Dataset 683,Sensor,Health,33879
684,Dataset 684,API,Retail,79187
685,Dataset 685,API,Health,92220
686,Dataset 686,Manual Upload,Finance,61564
687,Dataset 687,API,Sensor,39520
688,Dataset 688,Manual Upload,Security,13256
689,Dataset 689,Manual Upload,Retail,49422
690,Dataset 690,Manual Upload,Retail,75020
691,Dataset 691,API,Security,94439
692,Dataset 692,Manual Upload,Health,10103
693,Dataset 693,Sensor,Retail,24623
694,Dataset 694,API,Security,53766
695,Dataset 695,Manual Upload,Retail,97263
696,Dataset 696,Sensor,Health,96601
697,Dataset 697,Sensor,Health,70703
698,Dataset 698,Sensor,Finance,16731
699,Dataset 699,Sensor,Retail,52903
700,Dataset 700,Sensor,Health,43526
701,Dataset 701,Manual Upload,Health,7369
702,Dataset 702,Manual Upload,Finance,52674
703,Dataset 703,Web Scraping,Security,78033
704,Dataset 704,Manual Upload,Finance,97762
705,Dataset 705,Sensor,Sensor,97849
706,Dataset 706,Sensor,Health,55211
707,Dataset 707,Manual Upload,Finance,24292
708,Dataset 708,Sensor,Retail,12324
709,Dataset 709,Web Scraping,Finance,26767
710,Dataset 710,Sensor,Security,35670
711,Dataset 711,Web Scraping,Retail,27540
712,Dataset 712,API,Finance,41199
713,Dataset 713,API,Retail,23254
714,Dataset 714,API,Health,29319
715,Dataset 715,Web Scraping,Finance,77381
716,Dataset 716,Manual Upload,Sensor,22886
717,Dataset 717,API,Security,7451
718,Dataset 718,Manual Upload,Retail,76216
719,Dataset 719,Sensor,Retail,57785
720,Dataset 720,Web Scraping,Health,86781
721,Dataset 721,Manual Upload,Finance,94891
722,Dataset 722,Sensor,Sensor,70442
723,Dataset 723,Manual Upload,Sensor,979
724,Dataset 724,Manual Upload,Health,10855
725,Dataset 725,Web Scraping,Health,39151
726,Dataset 726,API,Finance,48231
727,Dataset 727,Manual Upload,Retail,27744
728,Dataset 728,API,Retail,51157
729,Dataset 729,Sensor,Sensor,90714
730,Dataset 730,Web Scraping,Retail,13621
731,Dataset 731,Web Scraping,Health,74011
732,Dataset 732,Sensor,Retail,83828
733,Dataset 733,Manual Upload,Retail,36699
734,Dataset 734,API,Sensor,73961
735,Dataset 735,Web Scraping,Health,54433
736,Dataset 736,Web Scraping,Finance,45879
737,Dataset 737,Sensor,Health,50661
738,Dataset 738,Sensor,Security,34888
739,Dataset 739,Web Scraping,Finance,55716
740,Dataset 740,Manual Upload,Health,36856
741,Dataset 741,Sensor,Sensor,47990
742,Dataset 742,Manual Upload,Security,85290
743,Dataset 743,API,Health,55109
744,Dataset 744,API,Security,10572
745,Dataset 745,API,Sensor,68061
746,Dataset 746,Sensor,Health,42354
747,Dataset 747,API,Retail,74821
748,Dataset 748,Manual Upload,Finance,96815
749,Dataset 749,Web Scraping,Sensor,15012
750,Dataset 750,Web Scraping,Security,53995
751,Dataset 751,API,Sensor,68657
752,Dataset 752,Manual Upload,Health,19443
753,Dataset 753,Manual Upload,Sensor,57185
754,Dataset 754,Sensor,Retail,51742
755,Dataset 755,Web Scraping,Health,41308
756,Dataset 756,API,Health,35294
757,Dataset 757,Web Scraping,Sensor,1575
758,Dataset 758,Sensor,Retail,95438
759,Dataset 759,Web Scraping,Retail,36891
760,Dataset 760,Sensor,Health,64282
761,Dataset 761,API,Finance,81923
762,Dataset 762,Manual Upload,Finance,38631
763,Dataset 763,Manual Upload,Sensor,37307
764,Dataset 764,Web Scraping,Retail,74297
765,Dataset 765,Manual Upload,Retail,47391
766,Dataset 766,Manual Upload,Health,15045
767,Dataset 767,Sensor,Retail,92633
768,Dataset 768,API,Security,58994
769,Dataset 769,Web Scraping,Health,64528
770,Dataset 770,Sensor,Finance,45381
771,Dataset 771,Sensor,Health,49274
772,Dataset 772,Sensor,Retail,815
773,Dataset 773,Manual Upload,Retail,94221
774,Dataset 774,Sensor,Retail,43939
775,Dataset 775,Manual Upload,Health,3721
776,Dataset 776,API,Finance,26468
777,Dataset 777,Web Scraping,Health,14387
778,Dataset 778,Web Scraping,Health,41861
779,Dataset 779,Sensor,Sensor,73857
780,Dataset 780,API,Security,17483
781,Dataset 781,Manual Upload,Health,95497
782,Dataset 782,Manual Upload,Health,46437
783,Dataset 783,Manual Upload,Health,97954
784,Dataset 784,Sensor,Finance,36837
785,Dataset 785,Web Scraping,Finance,35247
786,Dataset 786,Web Scraping,Sensor,23270
787,Dataset 787,Manual Upload,Finance,65057
788,Dataset 788,API,Retail,21229
789,Dataset 789,Manual Upload,Security,52138
790,Dataset 790,Web Scraping,Finance,60085
791,Dataset 791,Sensor,Health,98306
792,Dataset 792,API,Retail,77380
793,Dataset 793,Sensor,Security,89097
794,Dataset 794,Manual Upload,Health,70962
795,Dataset 795,API,Security,65177
796,Dataset 796,Web Scraping,Sensor,89631
797,Dataset 797,Web Scraping,Finance,98815
798,Dataset 798,Web Scraping,Sensor,40072
799,Dataset 799,Web Scraping,Security,53908
800,Dataset 800,Manual Upload,Health,15191
801,Dataset 801,Sensor,Health,19841
802,Dataset 802,Web Scraping,Security,10557
803,Dataset 803,Manual Upload,Retail,44514
804,Dataset 804,Web Scraping,Sensor,32932
805,Dataset 805,API,Security,12177
806,Dataset 806,Web Scraping,Health,14024
807,Dataset 807,Sensor,Security,73718
808,Dataset 808,Sensor,Finance,68413
809,Dataset 809,Manual Upload,Health,84852
810,Dataset 810,API,Finance,41679
811,Dataset 811,Manual Upload,Retail,62027
812,Dataset 812,Manual Upload,Finance,40537
813,Dataset 813,API,Sensor,61784
814,Dataset 814,Sensor,Retail,67530
815,Dataset 815,Web Scraping,Sensor,63516
816,Dataset 816,Web Scraping,Sensor,7835
817,Dataset 817,API,Health,1988
818,Dataset 818,Web Scraping,Sensor,91514
819,Dataset 819,Web Scraping,Retail,77714
820,Dataset 820,Web Scraping,Retail,96997
821,Dataset 821,Web Scraping,Finance,67869
822,Dataset 822,Web Scraping,Retail,89457
823,Dataset 823,Web Scraping,Security,77349
824,Dataset 824,Sensor,Security,85395
825,Dataset 825,API,Finance,36955
826,Dataset 826,Web Scraping,Sensor,92470
827,Dataset 827,Web Scraping,Finance,47510
828,Dataset 828,Web Scraping,Finance,72523
829,Dataset 829,Web Scraping,Finance,87776
830,Dataset 830,API,Sensor,58412
831,Dataset 831,API,Health,39227
832,Dataset 832,API,Sensor,38298
833,Dataset 833,Manual Upload,Finance,93694
834,Dataset 834,Manual Upload,Retail,93588
835,Dataset 835,Web Scraping,Security,38894
836,Dataset 836,Sensor,Retail,80111
837,Dataset 837,Sensor,Sensor,23221
838,Dataset 838,API,Health,69063
839,Dataset 839,Sensor,Finance,39980
840,Dataset 840,API,Finance,45187
841,Dataset 841,Web Scraping,Security,58298
842,Dataset 842,Web Scraping,Security,10414
843,Dataset 843,API,Health,62573
844,Dataset 844,Manual Upload,Security,10430
845,Dataset 845,Manual Upload,Sensor,70037
846,Dataset 846,Web Scraping,Retail,19576
847,Dataset 847,Web Scraping,Health,14858
848,Dataset 848,Web Scraping,Security,56776
849,Dataset 849,Web Scraping,Health,13263
850,Dataset 850,Sensor,Finance,87471
851,Dataset 851,Sensor,Health,65849
852,Dataset 852,Sensor,Health,74101
853,Dataset 853,Web Scraping,Health,11076
854,Dataset 854,Sensor,Health,96166
855,Dataset 855,Sensor,Security,4598
856,Dataset 856,Sensor,Finance,9383
857,Dataset 857,Sensor,Finance,65840
858,Dataset 858,Sensor,Security,26151
859,Dataset 859,Web Scraping,Finance,54757
860,Dataset 860,API,Health,34908
861,Dataset 861,Web Scraping,Health,94750
862,Dataset 862,Manual Upload,Sensor,95275
863,Dataset 863,Web Scraping,Retail,54600
864,Dataset 864,Web Scraping,Finance,37448
865,Dataset 865,Web Scraping,Health,29743
866,Dataset 866,Sensor,Finance,49089
867,Dataset 867,API,Retail,36592
868,Dataset 868,Sensor,Retail,63489
869,Dataset 869,Web Scraping,Health,37407
870,Dataset 870,Web Scraping,Sensor,66251
871,Dataset 871,API,Sensor,29002
872,Dataset 872,Sensor,Finance,82684
873,Dataset 873,Web Scraping,Retail,21616
874,Dataset 874,Sensor,Security,82421
875,Dataset 875,Manual Upload,Finance,91265
876,Dataset 876,Sensor,Security,22890
877,Dataset 877,API,Security,10950
878,Dataset 878,Manual Upload,Finance,76903
879,Dataset 879,API,Health,55444
880,Dataset 880,Sensor,Finance,52207
881,Dataset 881,Manual Upload,Health,35112
882,Dataset 882,Manual Upload,Finance,17953
883,Dataset 883,API,Health,19459
884,Dataset 884,API,Security,9777
885,Dataset 885,Sensor,Security,6734
886,Dataset 886,Manual Upload,Security,90802
887,Dataset 887,Web Scraping,Sensor,81869
888,Dataset 888,API,Health,53629
889,Dataset 889,API,Retail,9306
890,Dataset 890,Manual Upload,Security,65876
891,Dataset 891,Manual Upload,Health,56779
892,Dataset 892,Web Scraping,Security,36267
893,Dataset 893,Sensor,Finance,53835
894,Dataset 894,API,Health,63012
895,Dataset 895,Manual Upload,Finance,16860
896,Dataset 896,Web Scraping,Sensor,63221
897,Dataset 897,Manual Upload,Security,91411
898,Dataset 898,API,Security,54814
899,Dataset 899,Web Scraping,Security,39692
900,Dataset 900,API,Retail,88967
901,Dataset 901,Sensor,Security,44291
902,Dataset 902,Web Scraping,Sensor,68885
903,Dataset 903,Sensor,Retail,98923
904,Dataset 904,Web Scraping,Health,90374
905,Dataset 905,Sensor,Security,21145
906,Dataset 906,Manual Upload,Sensor,52231
907,Dataset 907,API,Sensor,97540
908,Dataset 908,API,Security,11778
909,Dataset 909,Manual Upload,Finance,74003
910,Dataset 910,Web Scraping,Security,28843
911,Dataset 911,Web Scraping,Security,87632
912,Dataset 912,API,Health,12124
913,Dataset 913,Manual Upload,Retail,15596
914,Dataset 914,Manual Upload,Finance,24089
915,Dataset 915,API,Sensor,84569
916,Dataset 916,Sensor,Retail,84313
917,Dataset 917,Manual Upload,Security,302
918,Dataset 918,Sensor,Health,76893
919,Dataset 919,Sensor,Health,10392
920,Dataset 920,Sensor,Sensor,73647
921,Dataset 921,Sensor,Security,92695
922,Dataset 922,Web Scraping,Retail,12796
923,Dataset 923,Manual Upload,Health,45913
924,Dataset 924,Web Scraping,Health,52047
925,Dataset 925,Web Scraping,Retail,77259
926,Dataset 926,API,Retail,13466
927,Dataset 927,Web Scraping,Retail,85238
928,Dataset 928,Manual Upload,Sensor,96332
929,Dataset 929,Sensor,Sensor,11050
930,Dataset 930,Sensor,Sensor,24501
931,Dataset 931,Manual Upload,Finance,84270
932,Dataset 932,API,Security,45031
933,Dataset 933,Manual Upload,Security,91604
934,Dataset 934,Web Scraping,Security,11525
935,Dataset 935,Web Scraping,Health,31589
936,Dataset 936,Sensor,Finance,83058
937,Dataset 937,Web Scraping,Sensor,17823
938,Dataset 938,Sensor,Health,41727
939,Dataset 939,Manual Upload,Security,74692
940,Dataset 940,Manual Upload,Security,17739
941,Dataset 941,Sensor,Sensor,75430
942,Dataset 942,Web Scraping,Security,44477
943,Dataset 943,API,Security,77961
944,Dataset 944,Manual Upload,Health,51737
945,Dataset 945,Sensor,Retail,60485
946,Dataset 946,Sensor,Sensor,14537
947,Dataset 947,Sensor,Finance,31676
948,Dataset 948,Web Scraping,Retail,17375
949,Dataset 949,Manual Upload,Sensor,14091
950,Dataset 950,Web Scraping,Sensor,60714
951,Dataset 951,Web Scraping,Retail,7060
952,Dataset 952,Web Scraping,Retail,68262
953,Dataset 953,API,Sensor,3561
954,Dataset 954,Manual Upload,Sensor,25764
955,Dataset 955,API,Health,6821
956,Dataset 956,Web Scraping,Finance,95240
957,Dataset 957,API,Finance,88653
958,Dataset 958,Web Scraping,Retail,41285
959,Dataset 959,Sensor,Retail,82566
960,Dataset 960,Manual Upload,Sensor,81709
961,Dataset 961,API,Security,93418
962,Dataset 962,API,Health,74474
963,Dataset 963,Web Scraping,Retail,72480
964,Dataset 964,API,Retail,70679
965,Dataset 965,Sensor,Sensor,39805
966,Dataset 966,Manual Upload,Health,2079
967,Dataset 967,API,Sensor,72192
968,Dataset 968,Web Scraping,Finance,39189
969,Dataset 969,Web Scraping,Finance,80406
970,Dataset 970,Web Scraping,Health,99132
971,Dataset 971,Manual Upload,Retail,72304
972,Dataset 972,Manual Upload,Retail,7859
973,Dataset 973,Manual Upload,Security,83184
974,Dataset 974,Sensor,Security,72994
975,Dataset 975,Web Scraping,Sensor,12569
976,Dataset 976,Sensor,Retail,20514
977,Dataset 977,API,Retail,42760
978,Dataset 978,Sensor,Health,89523
979,Dataset 979,API,Finance,89286
980,Dataset 980,Sensor,Health,54748
981,Dataset 981,Sensor,Sensor,19217
982,Dataset 982,Sensor,Retail,16718
983,Dataset 983,Web Scraping,Sensor,13456
984,Dataset 984,Sensor,Health,69337
985,Dataset 985,Web Scraping,Security,50107
986,Dataset 986,Manual Upload,Security,80912
987,Dataset 987,Sensor,Sensor,55509
988,Dataset 988,Manual Upload,Security,53132
989,Dataset 989,Web Scraping,Security,45914
990,Dataset 990,Manual Upload,Sensor,49374
991,Dataset 991,Manual Upload,Health,12564
992,Dataset 992,API,Security,44791
993,Dataset 993,API,Security,71362
994,Dataset 994,Manual Upload,Health,16790
995,Dataset 995,Manual Upload,Finance,4973
996,Dataset 996,Manual Upload,Health,5597
997,Dataset 997,API,Health,11085
998,Dataset 998,Web Scraping,Retail,55503
999,Dataset 999,API,Health,59788
1000,Dataset 1000,API,Health,90136
