id,title,priority,status,created_date
1,IT Ticket 1,Urgent,closed,2023-05-17
2,IT Ticket 2,High,open,2023-02-07
3,IT Ticket 3,High,closed,2024-12-09
4,IT Ticket 4,Urgent,in_progress,2022-08-18
5,IT Ticket 5,Low,open,2023-12-10
6,IT Ticket 6,Medium,closed,2024-01-11
7,IT Ticket 7,Low,open,2024-10-02
8,IT Ticket 8,Medium,in_progress,2022-11-15
9,IT Ticket 9,Low,closed,2023-08-18
10,IT Ticket 10,Low,open,2023-06-25
11,IT Ticket 11,High,in_progress,2022-11-23
12,IT Ticket 12,High,closed,2023-04-11
13,IT Ticket 13,High,in_progress,2023-10-28
14,IT Ticket 14,High,in_progress,2022-10-09
15,IT Ticket 15,Medium,closed,2023-02-27
16,IT Ticket 16,Urgent,in_progress,2024-05-22
17,IT Ticket 17,High,closed,2024-08-20
18,IT Ticket 18,Urgent,open,2024-04-13
19,IT Ticket 19,Medium,in_progress,2022-11-15
20,IT Ticket 20,Medium,closed,2024-05-24
21,IT Ticket 21,Medium,open,2022-01-02
22,IT Ticket 22,Medium,in_progress,2022-07-03
23,IT Ticket 23,High,open,2024-02-14
24,IT Ticket 24,Low,closed,2024-07-11
25,IT Ticket 25,Medium,in_progress,2023-06-04
26,IT Ticket 26,High,open,2023-08-24
27,IT Ticket 27,Medium,open,2023-01-16
28,IT Ticket 28,Medium,open,2024-02-14
29,IT Ticket 29,Urgent,closed,2024-02-14
30,IT Ticket 30,Low,open,2023-02-04
31,IT Ticket 31,High,in_progress,2022-06-23
32,IT Ticket 32,Urgent,in_progress,2024-08-27
33,IT Ticket 33,Medium,closed,2022-09-30
34,IT Ticket 34,Medium,closed,2023-05-04
35,IT Ticket 35,High,closed,2023-11-02
36,IT Ticket 36,Low,closed,2024-02-09
37,IT Ticket 37,Low,open,2022-11-12
38,IT Ticket 38,Low,open,2024-05-22
39,IT Ticket 39,High,open,2024-04-07
40,IT Ticket 40,Urgent,in_progress,2022-10-27
41,IT Ticket 41,Low,closed,2024-12-02
42,IT Ticket 42,Medium,open,2024-11-29
43,IT Ticket 43,Low,open,2024-11-19
44,IT Ticket 44,High,closed,2024-04-29
45,IT Ticket 45,Low,open,2022-07-24
46,IT Ticket 46,Urgent,in_progress,2022-04-08
47,IT Ticket 47,High,in_progress,2022-03-04
48,IT Ticket 48,Low,open,2024-12-06
49,IT Ticket 49,High,closed,2022-02-26
50,IT Ticket 50,Low,in_progress,2022-11-03
51,IT Ticket 51,Urgent,in_progress,2024-02-06
52,IT Ticket 52,Low,closed,2023-02-06
53,IT Ticket 53,High,closed,2022-05-11
54,IT Ticket 54,Medium,in_progress,2022-05-20
55,IT Ticket 55,Urgent,in_progress,2022-07-20
56,IT Ticket 56,Low,in_progress,2023-03-12
57,IT Ticket 57,Medium,closed,2022-04-08
58,IT Ticket 58,High,open,2023-08-23
59,IT Ticket 59,Urgent,in_progress,2024-12-19
60,IT Ticket 60,Medium,closed,2024-07-20
61,IT Ticket 61,Low,closed,2023-03-03
62,IT Ticket 62,High,closed,2022-12-21
63,IT Ticket 63,High,open,2022-09-03
64,IT Ticket 64,Urgent,open,2022-12-19
65,IT Ticket 65,Urgent,in_progress,2022-08-11
66,IT Ticket 66,Low,in_progress,2022-02-07
67,IT Ticket 67,Low,in_progress,2024-04-13
68,IT Ticket 68,High,in_progress,2022-06-10
69,IT Ticket 69,Urgent,open,2023-06-20
70,IT Ticket 70,Urgent,in_progress,2022-11-08
71,IT Ticket 71,Medium,open,2024-03-25
72,IT Ticket 72,Urgent,closed,2022-10-15
73,IT Ticket 73,Low,closed,2022-09-09
74,IT Ticket 74,Medium,open,2023-07-02
75,IT Ticket 75,Medium,in_progress,2024-02-04
76,IT Ticket 76,High,open,2022-02-13
77,IT Ticket 77,Low,open,2022-07-16
78,IT Ticket 78,High,closed,2024-06-13
79,IT Ticket 79,High,closed,2023-10-10
80,IT Ticket 80,High,open,2024-11-02
81,IT Ticket 81,High,closed,2023-01-08
82,IT Ticket 82,Urgent,in_progress,2023-09-07
83,IT Ticket 83,Low,open,2022-06-03
84,IT Ticket 84,Urgent,closed,2023-10-03
85,IT Ticket 85,Medium,open,2023-01-03
86,IT Ticket 86,High,closed,2023-10-14
87,IT Ticket 87,High,open,2024-07-09
88,IT Ticket 88,High,in_progress,2024-12-29
89,IT Ticket 89,High,closed,2024-12-26
90,IT Ticket 90,Urgent,closed,2022-08-26
91,IT Ticket 91,Medium,open,2023-05-27
92,IT Ticket 92,Urgent,open,2023-05-28
93,IT Ticket 93,Urgent,open,2023-03-19
94,IT Ticket 94,High,closed,2024-11-07
95,IT Ticket 95,High,in_progress,2023-09-11
96,IT Ticket 96,Medium,in_progress,2024-05-27
97,IT Ticket 97,High,open,2024-07-09
98,IT Ticket 98,High,closed,2023-01-08
99,IT Ticket 99,Low,closed,2024-11-20
100,IT Ticket 100,Low,closed,2023-02-08
101,IT Ticket 101,Medium,closed,2022-09-22
102,IT Ticket 102,Low,closed,2024-09-14
103,IT Ticket 103,Urgent,in_progress,2022-01-30
104,IT Ticket 104,High,in_progress,2024-08-22
105,IT Ticket 105,Urgent,open,2024-11-27
106,IT Ticket 106,Medium,closed,2023-03-22
107,IT Ticket 107,Low,open,2022-06-16
108,IT Ticket 108,High,closed,2022-09-22
109,IT Ticket 109,Urgent,in_progress,2022-09-18
110,IT Ticket 110,Low,closed,2024-02-01
111,IT Ticket 111,Urgent,open,2023-08-20
112,IT Ticket 112,Low,closed,2023-07-28
113,IT Ticket 113,Urgent,in_progress,2022-07-16
114,IT Ticket 114,Urgent,open,2023-08-24
115,IT Ticket 115,Medium,closed,2022-10-02
116,IT Ticket 116,Low,open,2024-02-23
117,IT Ticket 117,Low,closed,2022-12-11
118,IT Ticket 118,Low,in_progress,2023-09-02
119,IT Ticket 119,Medium,open,2024-01-10
120,IT Ticket 120,High,open,2024-06-05
121,IT Ticket 121,Low,closed,2022-08-20
122,IT Ticket 122,High,open,2022-08-22
123,IT Ticket 123,High,open,2024-10-03
124,IT Ticket 124,Urgent,in_progress,2024-03-18
125,IT Ticket 125,High,in_progress,2023-04-22
126,IT Ticket 126,High,in_progress,2022-03-30
127,IT Ticket 127,Low,open,2022-12-19
128,IT Ticket 128,Medium,in_progress,2024-06-17
129,IT Ticket 129,High,in_progress,2022-12-20
130,IT Ticket 130,Urgent,closed,2022-07-29
131,IT Ticket 131,Medium,open,2022-03-09
132,IT Ticket 132,Urgent,closed,2023-01-09
133,IT Ticket 133,Medium,open,2024-10-09
134,IT Ticket 134,Low,in_progress,2024-07-20
135,IT Ticket 135,Medium,in_progress,2022-02-11
136,IT Ticket 136,Medium,open,2023-08-10
137,IT Ticket 137,Medium,closed,2024-10-02
138,IT Ticket 138,High,open,2024-11-21
139,IT Ticket 139,Medium,open,2024-09-14
140,IT Ticket 140,Medium,in_progress,2023-11-20
141,IT Ticket 141,Urgent,closed,2024-04-03
142,IT Ticket 142,High,in_progress,2023-02-17
143,IT Ticket 143,Low,in_progress,2023-08-02
144,IT Ticket 144,Medium,in_progress,2023-12-10
145,IT Ticket 145,Medium,open,2023-03-11
146,IT Ticket 146,Urgent,in_progress,2022-05-18
147,IT Ticket 147,High,open,2023-10-20
148,IT Ticket 148,High,open,2023-02-26
149,IT Ticket 149,Medium,in_progress,2023-09-12
150,IT Ticket 150,High,closed,2024-06-21
151,IT Ticket 151,Medium,closed,2024-06-03
152,IT Ticket 152,High,open,2022-01-19
153,IT Ticket 153,Low,open,2022-02-17
154,IT Ticket 154,Low,in_progress,2022-06-23
155,IT Ticket 155,Low,in_progress,2022-07-27
156,IT Ticket 156,Low,closed,2024-01-04
157,IT Ticket 157,Urgent,open,2024-05-04
158,IT Ticket 158,Medium,in_progress,2022-03-10
159,IT Ticket 159,Low,closed,2024-10-14
160,IT Ticket 160,Low,in_progress,2024-06-29
161,IT Ticket 161,High,in_progress,2024-03-02
162,IT Ticket 162,Urgent,closed,2024-07-15
163,IT Ticket 163,Urgent,in_progress,2023-09-15
164,IT Ticket 164,High,closed,2023-01-11
165,IT Ticket 165,Low,closed,2023-12-11
166,IT Ticket 166,Low,open,2022-10-18
167,IT Ticket 167,High,closed,2022-12-18
168,IT Ticket 168,High,in_progress,2022-05-14
169,IT Ticket 169,Low,open,2024-08-28
170,IT Ticket 170,Low,closed,2023-05-01
171,IT Ticket 171,Low,open,2024-09-14
172,IT Ticket 172,Medium,in_progress,2023-05-16
173,IT Ticket 173,High,in_progress,2022-10-11
174,IT Ticket 174,High,open,2023-06-07
175,IT Ticket 175,Medium,open,2024-07-29
176,IT Ticket 176,Medium,in_progress,2024-11-07
177,IT Ticket 177,High,open,2024-12-15
178,IT Ticket 178,Urgent,open,2024-03-31
179,IT Ticket 179,High,in_progress,2023-04-22
180,IT Ticket 180,Low,open,2022-11-12
181,IT Ticket 181,Low,in_progress,2023-07-01
182,IT Ticket 182,Low,in_progress,2024-11-09
183,IT Ticket 183,Medium,in_progress,2023-08-11
184,IT Ticket 184,Medium,in_progress,2024-02-26
185,IT Ticket 185,High,in_progress,2024-03-05
186,IT Ticket 186,Medium,open,2024-07-31
187,IT Ticket 187,Medium,open,2023-07-10
188,IT Ticket 188,Low,open,2022-04-21
189,IT Ticket 189,Low,open,2024-12-10
190,IT Ticket 190,High,closed,2023-01-10
191,IT Ticket 191,Urgent,closed,2023-11-22
192,IT Ticket 192,Urgent,closed,2023-01-25
193,IT Ticket 193,Low,in_progress,2022-09-30
194,IT Ticket 194,Urgent,in_progress,2022-01-15
195,IT Ticket 195,Urgent,closed,2024-07-20
196,IT Ticket 196,Medium,open,2022-04-10
197,IT Ticket 197,Low,in_progress,2022-08-17
198,IT Ticket 198,High,closed,2022-08-31
199,IT Ticket 199,Medium,open,2023-09-29
200,IT Ticket 200,High,open,2024-12-25
201,IT Ticket 201,High,in_progress,2023-08-04
202,IT Ticket 202,Medium,open,2024-07-09
203,IT Ticket 203,Urgent,open,2022-09-11
204,IT Ticket 204,Low,in_progress,2023-11-06
205,IT Ticket 205,Urgent,open,2022-04-05
206,IT Ticket 206,High,open,2023-03-20
207,IT Ticket 207,High,closed,2023-11-21
208,IT Ticket 208,High,closed,2024-08-23
209,IT Ticket 209,High,open,2022-01-15
210,IT Ticket 210,High,open,2023-10-05
211,IT Ticket 211,Urgent,closed,2024-02-10
212,IT Ticket 212,Urgent,closed,2024-05-14
213,IT Ticket 213,Low,open,2022-07-07
214,IT Ticket 214,Medium,open,2023-06-09
215,IT Ticket 215,High,open,2024-04-10
216,IT Ticket 216,Low,open,2022-08-14
217,IT Ticket 217,Medium,open,2023-03-31
218,IT Ticket 218,Medium,closed,2024-08-22
219,IT Ticket 219,High,open,2024-01-24
220,IT Ticket 220,Urgent,closed,2023-08-03
221,IT Ticket 221,Medium,open,2022-07-15
222,IT Ticket 222,Low,closed,2024-04-11
223,IT Ticket 223,High,closed,2023-02-26
224,IT Ticket 224,Medium,open,2024-12-22
225,IT Ticket 225,Urgent,closed,2022-11-11
226,IT Ticket 226,Low,in_progress,2024-12-27
227,IT Ticket 227,Low,in_progress,2024-02-11
228,IT Ticket 228,Low,closed,2022-01-16
229,IT Ticket 229,Low,in_progress,2024-02-14
230,IT Ticket 230,High,open,2024-02-11
231,IT Ticket 231,Urgent,open,2022-03-09
232,IT Ticket 232,High,open,2022-01-31
233,IT Ticket 233,Medium,open,2022-12-08
234,IT Ticket 234,High,in_progress,2023-05-23
235,IT Ticket 235,Medium,closed,2022-07-04
236,IT Ticket 236,Low,open,2022-04-22
237,IT Ticket 237,Low,in_progress,2023-06-07
238,IT Ticket 238,High,open,2023-01-06
239,IT Ticket 239,Medium,closed,2022-10-23
240,IT Ticket 240,High,in_progress,2024-06-21
241,IT Ticket 241,Urgent,closed,2024-05-30
242,IT Ticket 242,High,open,2022-06-11
243,IT Ticket 243,High,in_progress,2024-04-02
244,IT Ticket 244,Low,in_progress,2024-02-24
245,IT Ticket 245,Medium,open,2023-01-11
246,IT Ticket 246,Urgent,in_progress,2023-12-01
247,IT Ticket 247,Medium,closed,2022-09-13
248,IT Ticket 248,Urgent,closed,2023-12-03
249,IT Ticket 249,Low,closed,2024-10-09
250,IT Ticket 250,High,open,2022-07-30
251,IT Ticket 251,High,closed,2023-10-07
252,IT Ticket 252,High,open,2024-06-27
253,IT Ticket 253,Urgent,in_progress,2024-04-21
254,IT Ticket 254,Medium,in_progress,2024-04-18
255,IT Ticket 255,Low,closed,2022-01-25
256,IT Ticket 256,Medium,closed,2022-10-04
257,IT Ticket 257,Urgent,in_progress,2023-10-07
258,IT Ticket 258,Low,closed,2023-09-26
259,IT Ticket 259,Medium,closed,2023-05-26
260,IT Ticket 260,Low,closed,2022-10-18
261,IT Ticket 261,High,closed,2022-08-14
262,IT Ticket 262,Low,closed,2024-07-21
263,IT Ticket 263,Low,open,2022-06-05
264,IT Ticket 264,Urgent,open,2024-10-03
265,IT Ticket 265,Urgent,closed,2022-06-22
266,IT Ticket 266,High,open,2024-03-20
267,IT Ticket 267,Low,closed,2022-10-19
268,IT Ticket 268,Low,open,2022-02-19
269,IT Ticket 269,Medium,in_progress,2024-06-19
270,IT Ticket 270,High,open,2024-08-06
271,IT Ticket 271,Medium,closed,2023-07-09
272,IT Ticket 272,Urgent,closed,2022-02-01
273,IT Ticket 273,Urgent,closed,2024-08-10
274,IT Ticket 274,Urgent,open,2022-04-03
275,IT Ticket 275,High,closed,2023-10-29
276,IT Ticket 276,High,closed,2023-09-24
277,IT Ticket 277,Medium,open,2022-11-27
278,IT Ticket 278,Medium,closed,2024-07-12
279,IT Ticket 279,Medium,open,2022-06-20
280,IT Ticket 280,Low,closed,2022-11-17
281,IT Ticket 281,Low,in_progress,2023-12-28
282,IT Ticket 282,Medium,open,2022-08-12
283,IT Ticket 283,High,open,2024-01-10
284,IT Ticket 284,High,closed,2024-11-26
285,IT Ticket 285,High,open,2022-09-26
286,IT Ticket 286,Medium,closed,2022-01-14
287,IT Ticket 287,Low,open,2024-01-30
288,IT Ticket 288,Low,open,2023-03-31
289,IT Ticket 289,Urgent,closed,2024-04-25
290,IT Ticket 290,Urgent,open,2022-12-24
291,IT Ticket 291,Medium,open,2023-01-21
292,IT Ticket 292,Medium,in_progress,2024-06-17
293,IT Ticket 293,Urgent,open,2024-07-20
294,IT Ticket 294,High,closed,2024-09-14
295,IT Ticket 295,Medium,open,2023-02-21
296,IT Ticket 296,Low,in_progress,2024-11-27
297,IT Ticket 297,Low,closed,2023-05-02
298,IT Ticket 298,Urgent,in_progress,2022-08-03
299,IT Ticket 299,High,closed,2022-11-17
300,IT Ticket 300,Urgent,closed,2024-01-29
301,IT Ticket 301,Low,open,2023-03-23
302,IT Ticket 302,Medium,closed,2023-08-09
303,IT Ticket 303,Urgent,in_progress,2023-12-22
304,IT Ticket 304,Low,in_progress,2022-06-05
305,IT Ticket 305,Urgent,open,2023-03-25
306,IT Ticket 306,High,closed,2022-01-27
307,IT Ticket 307,High,open,2024-11-29
308,IT Ticket 308,Medium,closed,2022-12-01
309,IT Ticket 309,Low,in_progress,2022-11-08
310,IT Ticket 310,High,in_progress,2022-10-19
311,IT Ticket 311,High,open,2022-07-28
312,IT Ticket 312,Low,open,2024-08-06
313,IT Ticket 313,High,open,2024-05-01
314,IT Ticket 314,High,closed,2023-12-02
315,IT Ticket 315,Medium,in_progress,2022-02-18
316,IT Ticket 316,Low,in_progress,2023-11-16
317,IT Ticket 317,Medium,open,2024-02-18
318,IT Ticket 318,Low,closed,2024-04-07
319,IT Ticket 319,Medium,in_progress,2023-05-01
320,IT Ticket 320,Medium,in_progress,2022-05-09
321,IT Ticket 321,Urgent,open,2022-01-13
322,IT Ticket 322,Urgent,in_progress,2022-05-01
323,IT Ticket 323,Urgent,open,2023-05-03
324,IT Ticket 324,Medium,closed,2022-10-20
325,IT Ticket 325,High,open,2024-10-23
326,IT Ticket 326,Urgent,closed,2024-07-22
327,IT Ticket 327,High,closed,2022-10-07
328,IT Ticket 328,Medium,open,2023-05-20
329,IT Ticket 329,Low,closed,2023-10-23
330,IT Ticket 330,Low,closed,2023-01-18
331,IT Ticket 331,Medium,open,2024-08-23
332,IT Ticket 332,Medium,open,2023-11-24
333,IT Ticket 333,Urgent,open,2024-10-26
334,IT Ticket 334,Medium,open,2022-09-29
335,IT Ticket 335,High,open,2024-10-21
336,IT Ticket 336,Low,open,2024-06-10
337,IT Ticket 337,High,closed,2022-01-15
338,IT Ticket 338,Low,in_progress,2023-04-03
339,IT Ticket 339,Medium,in_progress,2022-08-31
340,IT Ticket 340,High,open,2023-02-16
341,IT Ticket 341,Urgent,closed,2023-06-08
342,IT Ticket 342,Medium,closed,2024-10-21
343,IT Ticket 343,Low,in_progress,2022-03-17
344,IT Ticket 344,Medium,open,2022-10-07
345,IT Ticket 345,High,in_progress,2024-09-23
346,IT Ticket 346,Medium,open,2022-05-23
347,IT Ticket 347,Urgent,in_progress,2023-04-17
348,IT Ticket 348,High,open,2023-02-20
349,IT Ticket 349,Urgent,closed,2024-12-24
350,IT Ticket 350,Urgent,in_progress,2022-06-18
351,IT Ticket 351,Urgent,open,2024-02-03
352,IT Ticket 352,Urgent,open,2023-09-19
353,IT Ticket 353,Low,closed,2024-03-25
354,IT Ticket 354,Urgent,in_progress,2022-03-27
355,IT Ticket 355,Medium,in_progress,2023-07-05
356,IT Ticket 356,High,closed,2022-02-19
357,IT Ticket 357,Low,closed,2023-07-06
358,IT Ticket 358,Low,open,2024-07-13
359,IT Ticket 359,Medium,closed,2024-01-12
360,IT Ticket 360,Medium,open,2024-06-15
361,IT Ticket 361,Low,open,2022-03-10
362,IT Ticket 362,High,closed,2023-05-23
363,IT Ticket 363,Urgent,in_progress,2022-07-25
364,IT Ticket 364,Medium,closed,2024-10-27
365,IT Ticket 365,Urgent,closed,2023-03-19
366,IT Ticket 366,High,in_progress,2024-08-07
367,IT Ticket 367,Low,in_progress,2024-06-17
368,IT Ticket 368,High,open,2024-01-16
369,IT Ticket 369,High,in_progress,2023-06-22
370,IT Ticket 370,Urgent,open,2024-05-25
371,IT Ticket 371,Medium,in_progress,2024-08-30
372,IT Ticket 372,Medium,closed,2024-12-04
373,IT Ticket 373,Medium,open,2023-01-10
374,IT Ticket 374,Medium,open,2022-03-15
375,IT Ticket 375,Urgent,in_progress,2024-09-29
376,IT Ticket 376,Urgent,closed,2024-12-06
377,IT Ticket 377,Low,open,2024-05-25
378,IT Ticket 378,Medium,open,2023-06-22
379,IT Ticket 379,Urgent,in_progress,2023-11-27
380,IT Ticket 380,Low,in_progress,2022-09-10
381,IT Ticket 381,Medium,in_progress,2022-12-26
382,IT Ticket 382,Medium,in_progress,2024-11-30
383,IT Ticket 383,Medium,open,2023-03-01
384,IT Ticket 384,High,in_progress,2022-02-13
385,IT Ticket 385,High,closed,2022-12-08
386,IT Ticket 386,Low,in_progress,2024-01-10
387,IT Ticket 387,Medium,closed,2023-07-06
388,IT Ticket 388,Urgent,closed,2022-11-14
389,IT Ticket 389,Low,open,2023-06-29
390,IT Ticket 390,High,open,2022-01-17
391,IT Ticket 391,Low,in_progress,2024-11-01
392,IT Ticket 392,Urgent,in_progress,2022-04-17
393,IT Ticket 393,Urgent,in_progress,2022-07-28
394,IT Ticket 394,Urgent,open,2022-07-05
395,IT Ticket 395,Medium,closed,2024-04-21
396,IT Ticket 396,Medium,closed,2024-11-16
397,IT Ticket 397,Medium,in_progress,2024-12-13
398,IT Ticket 398,High,open,2024-12-05
399,IT Ticket 399,Urgent,closed,2023-04-02
400,IT Ticket 400,High,in_progress,2024-07-28
401,IT Ticket 401,Urgent,in_progress,2023-04-19
402,IT Ticket 402,High,open,2023-09-13
403,IT Ticket 403,High,open,2022-08-01
404,IT Ticket 404,Medium,in_progress,2024-01-07
405,IT Ticket 405,Low,open,2024-11-23
406,IT Ticket 406,High,in_progress,2023-12-29
407,IT Ticket 407,Low,open,2022-01-31
408,IT Ticket 408,Low,closed,2024-02-04
409,IT Ticket 409,High,open,2023-08-29
410,IT Ticket 410,Urgent,closed,2024-10-19
411,IT Ticket 411,High,closed,2022-11-03
412,IT Ticket 412,Medium,open,2024-09-21
413,IT Ticket 413,Medium,open,2023-01-12
414,IT Ticket 414,Medium,closed,2022-04-26
415,IT Ticket 415,High,closed,2024-11-03
416,IT Ticket 416,Urgent,in_progress,2022-03-23
417,IT Ticket 417,Medium,in_progress,2022-06-28
418,IT Ticket 418,Medium,open,2022-12-14
419,IT Ticket 419,Urgent,in_progress,2023-11-17
420,IT Ticket 420,Urgent,open,2022-12-08
421,IT Ticket 421,Medium,closed,2024-04-04
422,IT Ticket 422,Medium,open,2023-08-06
423,IT Ticket 423,Medium,open,2024-12-28
424,IT Ticket 424,High,open,2022-01-17
425,IT Ticket 425,High,in_progress,2024-07-06
426,IT Ticket 426,Low,closed,2022-01-01
427,IT Ticket 427,Urgent,in_progress,2023-07-03
428,IT Ticket 428,Low,open,2023-04-30
429,IT Ticket 429,High,open,2024-03-11
430,IT Ticket 430,Urgent,in_progress,2023-03-17
431,IT Ticket 431,Urgent,in_progress,2022-03-12
432,IT Ticket 432,High,closed,2023-06-20
433,IT Ticket 433,High,open,2024-07-11
434,IT Ticket 434,Urgent,in_progress,2024-09-24
435,IT Ticket 435,High,in_progress,2024-03-24
436,IT Ticket 436,Medium,open,2024-12-30
437,IT Ticket 437,High,closed,2024-08-10
438,IT Ticket 438,Medium,in_progress,2024-08-11
439,IT Ticket 439,Medium,closed,2024-04-03
440,IT Ticket 440,Low,in_progress,2023-04-01
441,IT Ticket 441,Medium,open,2024-03-23
442,IT Ticket 442,Medium,in_progress,2022-06-22
443,IT Ticket 443,Low,open,2022-01-28
444,IT Ticket 444,High,in_progress,2023-03-04
445,IT Ticket 445,High,in_progress,2024-05-13
446,IT Ticket 446,Urgent,closed,2023-04-06
447,IT Ticket 447,Low,closed,2022-07-06
448,IT Ticket 448,High,open,2023-07-30
449,IT Ticket 449,Medium,closed,2024-04-27
450,IT Ticket 450,Low,in_progress,2023-02-20
451,IT Ticket 451,Urgent,in_progress,2024-01-05
452,IT Ticket 452,Low,open,2023-05-12
453,IT Ticket 453,High,in_progress,2022-01-12
454,IT Ticket 454,Low,in_progress,2024-01-28
455,IT Ticket 455,Low,open,2022-10-31
456,IT Ticket 456,Low,closed,2023-11-29
457,IT Ticket 457,High,open,2022-10-20
458,IT Ticket 458,Urgent,open,2022-06-26
459,IT Ticket 459,Medium,in_progress,2024-04-10
460,IT Ticket 460,Low,in_progress,2023-06-12
461,IT Ticket 461,High,open,2023-09-29
462,IT Ticket 462,Medium,in_progress,2024-12-30
463,IT Ticket 463,Low,closed,2023-05-06
464,IT Ticket 464,Low,closed,2022-12-17
465,IT Ticket 465,Urgent,open,2022-10-04
466,IT Ticket 466,Urgent,closed,2024-04-22
467,IT Ticket 467,Urgent,open,2022-06-01
468,IT Ticket 468,Urgent,in_progress,2022-07-08
469,IT Ticket 469,Medium,open,2023-12-03
470,IT Ticket 470,High,open,2024-06-21
471,IT Ticket 471,High,in_progress,2023-03-30
472,IT Ticket 472,Medium,in_progress,2023-12-21
473,IT Ticket 473,Urgent,open,2024-06-09
474,IT Ticket 474,Medium,open,2023-03-12
475,IT Ticket 475,Low,open,2022-01-29
476,IT Ticket 476,Medium,in_progress,2023-03-24
477,IT Ticket 477,Urgent,in_progress,2022-07-30
478,IT Ticket 478,Low,open,2024-01-22
479,IT Ticket 479,Medium,open,2023-03-03
480,IT Ticket 480,High,closed,2024-09-09
481,IT Ticket 481,Low,open,2023-03-19
482,IT Ticket 482,Medium,closed,2023-05-31
483,IT Ticket 483,Low,open,2022-12-03
484,IT Ticket 484,High,closed,2022-04-15
485,IT Ticket 485,High,closed,2023-01-26
486,IT Ticket 486,High,in_progress,2022-02-07
487,IT Ticket 487,Medium,closed,2023-04-21
488,IT Ticket 488,Low,in_progress,2023-09-24
489,IT Ticket 489,Low,open,2023-06-06
490,IT Ticket 490,Urgent,open,2022-05-27
491,IT Ticket 491,Medium,in_progress,2024-05-01
492,IT Ticket 492,Medium,closed,2024-08-18
493,IT Ticket 493,Urgent,open,2024-04-07
494,IT Ticket 494,High,closed,2022-08-13
495,IT Ticket 495,Medium,in_progress,2024-03-03
496,IT Ticket 496,Urgent,in_progress,2022-03-30
497,IT Ticket 497,Low,open,2023-11-30
498,IT Ticket 498,Medium,in_progress,2022-10-10
499,IT Ticket 499,High,open,2022-02-25
500,IT Ticket 500,Medium,open,2023-07-05
501,IT Ticket 501,High,open,2023-02-18
502,IT Ticket 502,Medium,closed,2022-07-18
503,IT Ticket 503,Urgent,in_progress,2024-08-02
504,IT Ticket 504,Medium,open,2024-08-18
505,IT Ticket 505,High,closed,2022-09-02
506,IT Ticket 506,Low,closed,2024-12-05
507,IT Ticket 507,Medium,open,2023-10-23
508,IT Ticket 508,Medium,closed,2022-01-12
509,IT Ticket 509,High,open,2024-01-12
510,IT Ticket 510,Medium,in_progress,2023-11-25
511,IT Ticket 511,High,closed,2022-02-26
512,IT Ticket 512,Urgent,in_progress,2022-02-11
513,IT Ticket 513,Medium,in_progress,2022-01-06
514,IT Ticket 514,Urgent,closed,2024-01-13
515,IT Ticket 515,Medium,in_progress,2022-07-22
516,IT Ticket 516,High,in_progress,2022-02-05
517,IT Ticket 517,Urgent,in_progress,2023-03-12
518,IT Ticket 518,High,closed,2023-12-08
519,IT Ticket 519,High,closed,2023-04-21
520,IT Ticket 520,Medium,closed,2022-12-25
521,IT Ticket 521,Urgent,in_progress,2024-02-02
522,IT Ticket 522,Low,in_progress,2024-10-07
523,IT Ticket 523,Urgent,open,2024-05-03
524,IT Ticket 524,High,in_progress,2022-04-08
525,IT Ticket 525,Low,in_progress,2024-12-01
526,IT Ticket 526,Urgent,closed,2024-03-25
527,IT Ticket 527,High,open,2022-05-14
528,IT Ticket 528,High,closed,2024-10-30
529,IT Ticket 529,Urgent,open,2022-03-08
530,IT Ticket 530,Urgent,in_progress,2023-02-11
531,IT Ticket 531,Urgent,in_progress,2023-05-30
532,IT Ticket 532,Low,closed,2023-01-29
533,IT Ticket 533,Low,in_progress,2022-11-29
534,IT Ticket 534,Low,open,2022-06-09
535,IT Ticket 535,Low,in_progress,2022-03-03
536,IT Ticket 536,Medium,in_progress,2022-12-05
537,IT Ticket 537,Low,in_progress,2024-04-15
538,IT Ticket 538,Medium,in_progress,2022-10-14
539,IT Ticket 539,Medium,open,2024-07-28
540,IT Ticket 540,High,closed,2022-02-14
541,IT Ticket 541,Medium,open,2023-05-22
542,IT Ticket 542,Medium,closed,2023-08-22
543,IT Ticket 543,Low,open,2022-10-29
544,IT Ticket 544,Low,closed,2024-01-27
545,IT Ticket 545,Urgent,closed,2022-07-11
546,IT Ticket 546,Urgent,open,2023-07-03
547,IT Ticket 547,Low,closed,2024-06-09
548,IT Ticket 548,High,in_progress,2024-12-10
549,IT Ticket 549,Medium,in_progress,2023-07-22
550,IT Ticket 550,Urgent,open,2022-03-04
551,IT Ticket 551,Low,in_progress,2024-01-05
552,IT Ticket 552,Medium,closed,2022-01-22
553,IT Ticket 553,Low,in_progress,2024-10-15
554,IT Ticket 554,Urgent,open,2024-07-18
555,IT Ticket 555,Low,closed,2024-03-28
556,IT Ticket 556,Urgent,closed,2022-03-02
557,IT Ticket 557,Urgent,in_progress,2022-11-25
558,IT Ticket 558,Low,in_progress,2023-04-18
559,IT Ticket 559,Medium,closed,2022-05-28
560,IT Ticket 560,Low,open,2022-12-01
561,IT Ticket 561,High,closed,2023-08-17
562,IT Ticket 562,High,in_progress,2023-08-11
563,IT Ticket 563,Low,open,2022-04-04
564,IT Ticket 564,Urgent,closed,2023-10-27
565,IT Ticket 565,Medium,open,2023-08-10
566,IT Ticket 566,Medium,open,2022-05-03
567,IT Ticket 567,Low,in_progress,2024-04-15
568,IT Ticket 568,High,open,2024-09-27
569,IT Ticket 569,Urgent,in_progress,2024-01-29
570,IT Ticket 570,Medium,open,2024-01-20
571,IT Ticket 571,Low,open,2024-02-17
572,IT Ticket 572,Low,closed,2022-05-04
573,IT Ticket 573,High,open,2024-05-26
574,IT Ticket 574,Urgent,closed,2023-03-21
575,IT Ticket 575,Medium,in_progress,2023-05-04
576,IT Ticket 576,Medium,open,2022-05-21
577,IT Ticket 577,Medium,open,2023-10-23
578,IT Ticket 578,Low,open,2024-02-11
579,IT Ticket 579,Medium,in_progress,2022-07-22
580,IT Ticket 580,High,closed,2023-10-02
581,IT Ticket 581,Low,closed,2023-11-24
582,IT Ticket 582,High,in_progress,2022-02-16
583,IT Ticket 583,Urgent,closed,2022-07-23
584,IT Ticket 584,Low,open,2024-12-02
585,IT Ticket 585,Medium,in_progress,2022-04-24
586,IT Ticket 586,Urgent,open,2022-10-10
587,IT Ticket 587,Low,in_progress,2023-05-19
588,IT Ticket 588,Urgent,in_progress,2022-11-27
589,IT Ticket 589,High,open,2023-12-05
590,IT Ticket 590,Urgent,open,2024-12-22
591,IT Ticket 591,Urgent,open,2022-07-01
592,IT Ticket 592,High,in_progress,2024-03-07
593,IT Ticket 593,Medium,closed,2022-10-21
594,IT Ticket 594,High,closed,2023-04-16
595,IT Ticket 595,Medium,open,2022-10-03
596,IT Ticket 596,High,open,2023-09-03
597,IT Ticket 597,High,in_progress,2022-03-02
598,IT Ticket 598,High,closed,2024-12-26
599,IT Ticket 599,Low,closed,2023-07-14
600,IT Ticket 600,High,open,2022-02-02
601,IT Ticket 601,Urgent,open,2022-08-06
602,IT Ticket 602,Low,closed,2022-01-27
603,IT Ticket 603,Medium,open,2024-11-08
604,IT Ticket 604,Low,closed,2023-08-03
605,IT Ticket 605,High,open,2022-12-06
606,IT Ticket 606,Low,closed,2022-10-29
607,IT Ticket 607,Low,in_progress,2023-03-23
608,IT Ticket 608,Medium,open,2023-12-07
609,IT Ticket 609,Medium,closed,2023-06-05
610,IT Ticket 610,Urgent,closed,2024-04-10
611,IT Ticket 611,Urgent,in_progress,2022-07-27
612,IT Ticket 612,High,in_progress,2022-10-31
613,IT Ticket 613,High,in_progress,2022-07-20
614,IT Ticket 614,Medium,open,2023-08-15
615,IT Ticket 615,Low,in_progress,2022-04-23
616,IT Ticket 616,Urgent,closed,2023-09-09
617,IT Ticket 617,Urgent,in_progress,2024-03-30
618,IT Ticket 618,Urgent,in_progress,2023-07-31
619,IT Ticket 619,Medium,in_progress,2022-06-12
620,IT Ticket 620,Medium,open,2024-08-26
621,IT Ticket 621,High,in_progress,2023-04-02
622,IT Ticket 622,Urgent,closed,2024-11-28
623,IT Ticket 623,High,closed,2024-02-01
624,IT Ticket 624,Low,in_progress,2023-11-16
625,IT Ticket 625,Medium,in_progress,2023-02-18
626,IT Ticket 626,Urgent,in_progress,2023-06-19
627,IT Ticket 627,Low,in_progress,2023-09-12
628,IT Ticket 628,High,open,2022-12-10
629,IT Ticket 629,Urgent,in_progress,2022-08-06
630,IT Ticket 630,Low,closed,2023-09-01
631,IT Ticket 631,Urgent,closed,2024-05-23
632,IT Ticket 632,Medium,closed,2024-01-21
633,IT Ticket 633,Urgent,closed,2023-08-26
634,IT Ticket 634,High,closed,2024-07-31
635,IT Ticket 635,Urgent,closed,2022-06-15
636,IT Ticket 636,High,in_progress,2024-03-19
637,IT Ticket 637,Low,closed,2024-09-22
638,IT Ticket 638,Low,closed,2022-07-29
639,IT Ticket 639,Urgent,in_progress,2024-08-25
640,IT Ticket 640,Medium,closed,2022-01-28
641,IT Ticket 641,Medium,open,2022-07-13
642,IT Ticket 642,Medium,open,2022-01-04
643,IT Ticket 643,Urgent,closed,2024-01-18
644,IT Ticket 644,Low,in_progress,2024-06-24
645,IT Ticket 645,Low,in_progress,2023-07-24
646,IT Ticket 646,Medium,in_progress,2022-12-01
647,IT Ticket 647,Low,closed,2024-02-24
648,IT Ticket 648,Low,closed,2022-12-23
649,IT Ticket 649,Low,open,2022-01-04
650,IT Ticket 650,Medium,in_progress,2024-06-24
651,IT Ticket 651,Medium,closed,2024-09-08
652,IT Ticket 652,Medium,open,2024-07-08
653,IT Ticket 653,Medium,in_progress,2023-12-16
654,IT Ticket 654,Urgent,open,2023-05-24
655,IT Ticket 655,Urgent,in_progress,2022-06-09
656,IT Ticket 656,High,closed,2022-11-29
657,IT Ticket 657,High,in_progress,2022-01-22
658,IT Ticket 658,Low,in_progress,2023-02-11
659,IT Ticket 659,Medium,closed,2023-07-15
660,IT Ticket 660,High,open,2022-11-07
661,IT Ticket 661,High,closed,2023-10-17
662,IT Ticket 662,High,closed,2022-02-24
663,IT Ticket 663,Urgent,closed,2024-09-11
664,IT Ticket 664,High,open,2022-03-25
665,IT Ticket 665,Urgent,open,2023-07-17
666,IT Ticket 666,Urgent,in_progress,2022-01-06
667,IT Ticket 667,High,open,2022-11-27
668,IT Ticket 668,High,open,2023-07-28
669,IT Ticket 669,Low,open,2022-04-15
670,IT Ticket 670,High,in_progress,2023-10-27
671,IT Ticket 671,Medium,in_progress,2023-07-01
672,IT Ticket 672,Urgent,open,2024-04-12
673,IT Ticket 673,Low,in_progress,2024-03-18
674,IT Ticket 674,Low,open,2024-09-19
675,IT Ticket 675,High,open,2024-12-14
676,IT Ticket 676,Urgent,open,2022-10-18
677,IT Ticket 677,Low,open,2023-12-29
678,IT Ticket 678,Urgent,in_progress,2023-03-23
679,IT Ticket 679,Low,open,2024-07-08
680,IT Ticket 680,Low,in_progress,2023-03-16
681,IT Ticket 681,High,in_progress,2024-04-10
682,IT Ticket 682,Urgent,closed,2024-08-08
683,IT Ticket 683,Medium,closed,2023-07-09
684,IT Ticket 684,Medium,in_progress,2022-11-21
685,IT Ticket 685,Urgent,in_progress,2024-01-08
686,IT Ticket 686,Low,open,2022-12-14
687,IT Ticket 687,High,closed,2024-11-18
688,IT Ticket 688,Medium,closed,2023-09-04
689,IT Ticket 689,High,open,2022-07-02
690,IT Ticket 690,Low,in_progress,2022-07-17
691,IT Ticket 691,Low,closed,2023-01-30
692,IT Ticket 692,Medium,closed,2023-12-25
693,IT Ticket 693,Low,in_progress,2024-10-08
694,IT Ticket 694,High,in_progress,2022-12-31
695,IT Ticket 695,Low,in_progress,2022-11-23
696,IT Ticket 696,Low,open,2023-10-15
697,IT Ticket 697,Medium,closed,2024-01-06
698,IT Ticket 698,Low,closed,2023-01-07
699,IT Ticket 699,Medium,closed,2023-06-11
700,IT Ticket 700,Medium,open,2024-04-30
701,IT Ticket 701,Urgent,closed,2024-04-04
702,IT Ticket 702,Medium,open,2024-07-26
703,IT Ticket 703,Urgent,closed,2023-07-03
704,IT Ticket 704,High,closed,2022-04-11
705,IT Ticket 705,High,in_progress,2024-11-23
706,IT Ticket 706,Medium,open,2023-08-09
707,IT Ticket 707,Medium,in_progress,2023-11-21
708,IT Ticket 708,Medium,in_progress,2024-08-11
709,IT Ticket 709,High,in_progress,2024-04-17
710,IT Ticket 710,Low,open,2022-11-26
711,IT Ticket 711,Low,closed,2023-06-09
712,IT Ticket 712,Medium,in_progress,2023-04-24
713,IT Ticket 713,Urgent,in_progress,2022-04-15
714,IT Ticket 714,Medium,open,2023-12-17
715,IT Ticket 715,Urgent,open,2024-01-15
716,IT Ticket 716,High,open,2022-07-25
717,IT Ticket 717,High,closed,2022-12-15
718,IT Ticket 718,Medium,in_progress,2022-04-23
719,IT Ticket 719,Medium,open,2022-02-07
720,IT Ticket 720,Low,closed,2022-10-06
721,IT Ticket 721,Low,open,2024-04-14
722,IT Ticket 722,Medium,in_progress,2024-05-13
723,IT Ticket 723,Medium,in_progress,2024-09-23
724,IT Ticket 724,High,open,2022-12-16
725,IT Ticket 725,Low,in_progress,2024-10-26
726,IT Ticket 726,Medium,open,2022-02-23
727,IT Ticket 727,Low,closed,2024-04-20
728,IT Ticket 728,Low,open,2023-07-17
729,IT Ticket 729,High,open,2023-07-28
730,IT Ticket 730,Medium,in_progress,2022-03-24
731,IT Ticket 731,Low,open,2024-08-13
732,IT Ticket 732,Medium,open,2022-08-09
733,IT Ticket 733,High,closed,2023-12-03
734,IT Ticket 734,Urgent,in_progress,2022-04-11
735,IT Ticket 735,Urgent,in_progress,2022-08-23
736,IT Ticket 736,Low,in_progress,2023-10-20
737,IT Ticket 737,Urgent,open,2022-06-10
738,IT Ticket 738,Low,open,2024-12-15
739,IT Ticket 739,High,open,2024-07-11
740,IT Ticket 740,Medium,open,2024-10-22
741,IT Ticket 741,Low,in_progress,2022-05-16
742,IT Ticket 742,Low,open,2022-02-02
743,IT Ticket 743,Medium,in_progress,2024-05-31
744,IT Ticket 744,High,open,2023-11-29
745,IT Ticket 745,Urgent,open,2023-03-12
746,IT Ticket 746,Low,in_progress,2023-09-18
747,IT Ticket 747,Medium,closed,2022-07-27
748,IT Ticket 748,High,in_progress,2024-05-24
749,IT Ticket 749,Low,open,2023-11-03
750,IT Ticket 750,Medium,closed,2024-06-27
751,IT Ticket 751,Urgent,closed,2022-09-02
752,IT Ticket 752,Medium,open,2024-08-03
753,IT Ticket 753,Urgent,in_progress,2022-09-27
754,IT Ticket 754,Urgent,in_progress,2024-08-06
755,IT Ticket 755,Low,in_progress,2022-09-29
756,IT Ticket 756,Medium,in_progress,2023-05-16
757,IT Ticket 757,Low,open,2022-08-10
758,IT Ticket 758,Low,in_progress,2023-09-15
759,IT Ticket 759,High,closed,2024-05-12
760,IT Ticket 760,High,closed,2022-07-04
761,IT Ticket 761,High,in_progress,2024-01-05
762,IT Ticket 762,High,open,2024-01-04
763,IT Ticket 763,Urgent,open,2023-08-24
764,IT Ticket 764,Urgent,in_progress,2024-12-09
765,IT Ticket 765,Low,closed,2022-12-01
766,IT Ticket 766,Medium,open,2024-01-24
767,IT Ticket 767,Urgent,open,2022-06-15
768,IT Ticket 768,Medium,closed,2023-06-02
769,IT Ticket 769,Low,open,2023-11-29
770,IT Ticket 770,High,open,2023-02-23
771,IT Ticket 771,Medium,closed,2024-12-06
772,IT Ticket 772,Medium,open,2024-11-16
773,IT Ticket 773,Urgent,closed,2023-05-23
774,IT Ticket 774,High,in_progress,2024-05-24
775,IT Ticket 775,Urgent,closed,2023-02-28
776,IT Ticket 776,Low,in_progress,2024-01-24
777,IT Ticket 777,Low,closed,2023-05-25
778,IT Ticket 778,Medium,in_progress,2024-02-13
779,IT Ticket 779,High,in_progress,2024-02-26
780,IT Ticket 780,High,in_progress,2023-08-10
781,IT Ticket 781,Low,in_progress,2023-12-04
782,IT Ticket 782,High,in_progress,2023-06-03
783,IT Ticket 783,Urgent,in_progress,2024-09-18
784,IT Ticket 784,High,closed,2023-02-26
785,IT Ticket 785,Medium,in_progress,2023-12-03
786,IT Ticket 786,Low,closed,2023-02-09
787,IT Ticket 787,Medium,in_progress,2022-03-16
788,IT Ticket 788,Urgent,open,2022-10-04
789,IT Ticket 789,Urgent,in_progress,2024-01-11
790,IT Ticket 790,Urgent,in_progress,2023-09-11
791,IT Ticket 791,Low,closed,2024-03-28
792,IT Ticket 792,Low,open,2023-04-22
793,IT Ticket 793,Medium,closed,2023-01-14
794,IT Ticket 794,Low,in_progress,2023-03-24
795,IT Ticket 795,High,in_progress,2024-11-16
796,IT Ticket 796,Medium,open,2022-11-01
797,IT Ticket 797,High,open,2024-07-16
798,IT Ticket 798,Medium,closed,2022-08-30
799,IT Ticket 799,Low,closed,2022-04-21
800,IT Ticket 800,Urgent,closed,2022-01-13
801,IT Ticket 801,Medium,closed,2023-02-07
802,IT Ticket 802,Low,closed,2022-04-20
803,IT Ticket 803,Medium,open,2022-10-21
804,IT Ticket 804,High,closed,2023-12-29
805,IT Ticket 805,Low,in_progress,2022-09-01
806,IT Ticket 806,High,closed,2023-01-05
807,IT Ticket 807,Urgent,closed,2022-08-08
808,IT Ticket 808,High,closed,2023-07-27
809,IT Ticket 809,Urgent,in_progress,2024-03-14
810,IT Ticket 810,High,in_progress,2024-06-24
811,IT Ticket 811,Low,closed,2022-06-14
812,IT Ticket 812,Urgent,in_progress,2024-03-15
813,IT Ticket 813,High,open,2022-02-23
814,IT Ticket 814,Low,in_progress,2024-12-24
815,IT Ticket 815,Urgent,open,2022-02-02
816,IT Ticket 816,Medium,in_progress,2022-10-04
817,IT Ticket 817,High,in_progress,2024-11-03
818,IT Ticket 818,Low,open,2023-08-14
819,IT Ticket 819,Low,in_progress,2022-08-19
820,IT Ticket 820,High,closed,2024-09-16
821,IT Ticket 821,Urgent,in_progress,2022-02-24
822,IT Ticket 822,High,open,2023-05-06
823,IT Ticket 823,High,open,2022-09-28
824,IT Ticket 824,High,open,2023-09-14
825,IT Ticket 825,Urgent,closed,2022-03-24
826,IT Ticket 826,Medium,in_progress,2023-06-04
827,IT Ticket 827,High,in_progress,2023-07-05
828,IT Ticket 828,Low,in_progress,2023-09-27
829,IT Ticket 829,Urgent,closed,2023-05-06
830,IT Ticket 830,Medium,in_progress,2023-06-20
831,IT Ticket 831,Medium,closed,2023-07-31
832,IT Ticket 832,Low,closed,2024-07-31
833,IT Ticket 833,High,closed,2023-07-02
834,IT Ticket 834,High,open,2024-10-15
835,IT Ticket 835,Low,in_progress,2022-05-10
836,IT Ticket 836,Medium,closed,2024-06-07
837,IT Ticket 837,Urgent,in_progress,2024-10-24
838,IT Ticket 838,Low,in_progress,2022-09-13
839,IT Ticket 839,High,open,2023-08-06
840,IT Ticket 840,Low,in_progress,2024-10-10
841,IT Ticket 841,High,closed,2022-01-01
842,IT Ticket 842,High,closed,2022-03-22
843,IT Ticket 843,Urgent,closed,2022-05-24
844,IT Ticket 844,Medium,closed,2022-02-24
845,IT Ticket 845,Low,closed,2024-11-15
846,IT Ticket 846,Urgent,closed,2022-10-15
847,IT Ticket 847,Medium,in_progress,2024-11-16
848,IT Ticket 848,Urgent,open,2024-12-07
849,IT Ticket 849,Low,in_progress,2022-08-01
850,IT Ticket 850,Urgent,in_progress,2022-01-24
851,IT Ticket 851,Low,open,2022-04-10
852,IT Ticket 852,Low,closed,2022-02-27
853,IT Ticket 853,Low,open,2023-09-12
854,IT Ticket 854,Low,in_progress,2023-04-03
855,IT Ticket 855,Urgent,in_progress,2022-04-27
856,IT Ticket 856,High,closed,2024-06-21
857,IT Ticket 857,High,closed,2024-10-15
858,IT Ticket 858,Low,closed,2023-05-22
859,IT Ticket 859,Urgent,in_progress,2023-04-09
860,IT Ticket 860,Urgent,open,2024-08-12
861,IT Ticket 861,Medium,closed,2022-11-25
862,IT Ticket 862,Medium,open,2024-05-25
863,IT Ticket 863,Medium,in_progress,2022-08-27
864,IT Ticket 864,Urgent,in_progress,2022-01-03
865,IT Ticket 865,Medium,closed,2022-02-19
866,IT Ticket 866,Medium,open,2024-11-02
867,IT Ticket 867,Medium,open,2022-12-13
868,IT Ticket 868,High,open,2022-12-28
869,IT Ticket 869,Low,closed,2024-01-06
870,IT Ticket 870,Medium,open,2024-03-15
871,IT Ticket 871,Low,open,2023-05-10
872,IT Ticket 872,Low,open,2022-04-10
873,IT Ticket 873,High,open,2024-12-19
874,IT Ticket 874,High,closed,2022-04-01
875,IT Ticket 875,Urgent,in_progress,2024-09-22
876,IT Ticket 876,Medium,closed,2022-05-06
877,IT Ticket 877,Urgent,in_progress,2024-02-10
878,IT Ticket 878,Low,open,2024-11-29
879,IT Ticket 879,High,in_progress,2023-08-29
880,IT Ticket 880,High,closed,2022-08-26
881,IT Ticket 881,Urgent,closed,2024-06-10
882,IT Ticket 882,Urgent,in_progress,2024-05-02
883,IT Ticket 883,High,open,2024-06-22
884,IT Ticket 884,High,open,2024-04-18
885,IT Ticket 885,Urgent,open,2022-05-18
886,IT Ticket 886,Medium,closed,2023-07-25
887,IT Ticket 887,High,open,2022-06-06
888,IT Ticket 888,High,in_progress,2023-11-30
889,IT Ticket 889,Medium,closed,2022-04-20
890,IT Ticket 890,Medium,in_progress,2024-02-25
891,IT Ticket 891,Medium,closed,2023-09-23
892,IT Ticket 892,Urgent,in_progress,2024-10-20
893,IT Ticket 893,Medium,open,2023-03-18
894,IT Ticket 894,Medium,closed,2022-06-14
895,IT Ticket 895,Urgent,in_progress,2022-06-24
896,IT Ticket 896,Urgent,closed,2022-02-11
897,IT Ticket 897,Medium,in_progress,2023-08-26
898,IT Ticket 898,Low,closed,2022-09-23
899,IT Ticket 899,Urgent,closed,2022-11-28
900,IT Ticket 900,Low,in_progress,2024-11-06
901,IT Ticket 901,High,closed,2023-05-14
902,IT Ticket 902,Urgent,closed,2023-03-30
903,IT Ticket 903,High,closed,2022-04-15
904,IT Ticket 904,Low,closed,2024-10-01
905,IT Ticket 905,High,closed,2022-01-04
906,IT Ticket 906,Low,in_progress,2024-05-05
907,IT Ticket 907,Low,closed,2023-10-08
908,IT Ticket 908,Medium,open,2023-01-20
909,IT Ticket 909,High,open,2024-10-07
910,IT Ticket 910,Urgent,in_progress,2023-02-27
911,IT Ticket 911,Medium,closed,2024-09-17
912,IT Ticket 912,Urgent,open,2023-04-27
913,IT Ticket 913,High,open,2022-01-05
914,IT Ticket 914,Medium,open,2022-08-07
915,IT Ticket 915,Low,in_progress,2024-12-01
916,IT Ticket 916,High,closed,2023-03-16
917,IT Ticket 917,Urgent,in_progress,2024-06-18
918,IT Ticket 918,Medium,closed,2022-11-14
919,IT Ticket 919,Urgent,closed,2022-06-05
920,IT Ticket 920,Medium,open,2023-04-14
921,IT Ticket 921,Urgent,in_progress,2024-04-25
922,IT Ticket 922,High,closed,2024-08-03
923,IT Ticket 923,Urgent,open,2022-05-20
924,IT Ticket 924,Urgent,open,2022-08-06
925,IT Ticket 925,Low,in_progress,2022-04-14
926,IT Ticket 926,Urgent,in_progress,2023-09-01
927,IT Ticket 927,Medium,in_progress,2024-12-30
928,IT Ticket 928,High,open,2024-05-09
929,IT Ticket 929,High,in_progress,2024-05-21
930,IT Ticket 930,Urgent,open,2024-02-11
931,IT Ticket 931,Urgent,open,2023-09-28
932,IT Ticket 932,Medium,closed,2024-10-07
933,IT Ticket 933,Urgent,open,2024-01-15
934,IT Ticket 934,Low,in_progress,2024-02-14
935,IT Ticket 935,Medium,closed,2024-11-10
936,IT Ticket 936,Urgent,closed,2023-10-18
937,IT Ticket 937,High,closed,2023-12-30
938,IT Ticket 938,High,in_progress,2022-09-16
939,IT Ticket 939,Medium,open,2023-03-03
940,IT Ticket 940,High,closed,2023-11-27
941,IT Ticket 941,Medium,closed,2022-08-31
942,IT Ticket 942,Medium,in_progress,2024-10-24
943,IT Ticket 943,High,in_progress,2023-01-01
944,IT Ticket 944,High,in_progress,2022-10-19
945,IT Ticket 945,Low,closed,2022-01-01
946,IT Ticket 946,Urgent,open,2024-08-09
947,IT Ticket 947,Urgent,closed,2024-12-30
948,IT Ticket 948,Low,closed,2023-02-13
949,IT Ticket 949,Low,in_progress,2023-05-30
950,IT Ticket 950,Low,in_progress,2023-08-25
951,IT Ticket 951,Low,closed,2024-11-10
952,IT Ticket 952,Medium,in_progress,2023-01-09
953,IT Ticket 953,Medium,in_progress,2022-06-19
954,IT Ticket 954,High,open,2023-06-13
955,IT Ticket 955,Medium,in_progress,2022-10-26
956,IT Ticket 956,Urgent,in_progress,2022-02-24
957,IT Ticket 957,Urgent,open,2024-05-02
958,IT Ticket 958,Urgent,open,2024-01-18
959,IT Ticket 959,Urgent,open,2024-10-15
960,IT Ticket 960,Medium,closed,2023-06-05
961,IT Ticket 961,Low,in_progress,2024-04-20
962,IT Ticket 962,High,open,2022-11-20
963,IT Ticket 963,Urgent,in_progress,2022-07-14
964,IT Ticket 964,Medium,in_progress,2023-02-26
965,IT Ticket 965,Low,in_progress,2022-11-17
966,IT Ticket 966,Low,closed,2022-05-29
967,IT Ticket 967,Urgent,open,2024-11-17
968,IT Ticket 968,Urgent,closed,2022-02-21
969,IT Ticket 969,Medium,closed,2022-01-04
970,IT Ticket 970,Medium,in_progress,2024-06-04
971,IT Ticket 971,Low,open,2024-01-27
972,IT Ticket 972,Medium,closed,2022-09-14
973,IT Ticket 973,Medium,closed,2024-11-21
974,IT Ticket 974,Low,closed,2024-08-05
975,IT Ticket 975,High,closed,2023-09-09
976,IT Ticket 976,Low,closed,2024-02-13
977,IT Ticket 977,Medium,closed,2023-01-27
978,IT Ticket 978,Low,closed,2024-08-17
979,IT Ticket 979,High,in_progress,2023-03-29
980,IT Ticket 980,Low,in_progress,2024-09-17
981,IT Ticket 981,Low,open,2023-12-05
982,IT Ticket 982,High,in_progress,2022-11-15
983,IT Ticket 983,High,open,2023-11-22
984,IT Ticket 984,Medium,closed,2024-12-25
985,IT Ticket 985,Medium,in_progress,2024-10-17
986,IT Ticket 986,Medium,in_progress,2022-01-05
987,IT Ticket 987,Low,closed,2023-10-16
988,IT Ticket 988,Low,open,2022-08-24
989,IT Ticket 989,Medium,in_progress,2024-07-18
990,IT Ticket 990,Urgent,in_progress,2022-09-04
991,IT Ticket 991,Low,closed,2022-08-21
992,IT Ticket 992,High,open,2022-10-26
993,IT Ticket 993,Urgent,open,2024-04-08
994,IT Ticket 994,Low,closed,2022-05-01
995,IT Ticket 995,Low,in_progress,2023-08-25
996,IT Ticket 996,Urgent,closed,2024-12-12
997,IT Ticket 997,Low,open,2023-08-21
998,IT Ticket 998,High,open,2023-01-24
999,IT Ticket 999,Low,closed,2024-10-16
1000,IT Ticket 1000,Urgent,open,2023-09-20
