title,severity,status,date
Speech few participant stay design.,Critical,in-progress,2024-06-20
Experience choose eight.,High,closed,2025-01-21
Add safe wonder however security.,High,in-progress,2024-03-06
Expert teach now.,Medium,open,2025-07-21
Quite reflect attack if.,Low,closed,2025-06-23
Feel store once cause.,Critical,closed,2025-01-29
Sort professor though.,High,closed,2025-04-17
Star official quite perhaps.,Low,in-progress,2024-04-21
Concern human cost space fine or.,High,closed,2023-11-27
Project hold detail enough them eat.,Critical,in-progress,2024-10-26
After specific ten child single of.,Low,closed,2025-10-07
Employee take staff significant little.,Critical,in-progress,2025-11-02
These project instead institution seven mouth.,Critical,in-progress,2025-10-14
Occur poor sport.,Critical,closed,2025-07-28
Almost fast send behind red.,Medium,closed,2024-07-12
Air piece adult your event.,Critical,closed,2024-10-27
Seem able little create.,Critical,open,2025-02-13
New edge above.,Critical,open,2024-09-26
Fall your sport business.,Medium,closed,2025-07-29
Security similar professional number voice.,Medium,closed,2024-11-20
Fall get less.,Medium,closed,2025-09-22
Show over peace.,Critical,in-progress,2025-04-14
From form party.,Medium,in-progress,2024-09-15
Million city while go sound paper.,Medium,closed,2025-11-23
Quickly success total.,Critical,in-progress,2024-08-25
Other large risk.,Medium,closed,2024-01-21
Seat experience enough successful send during.,Critical,closed,2025-09-06
Same answer present.,Medium,closed,2024-08-03
Fill ten they.,Critical,in-progress,2024-01-09
Special green career realize doctor tell.,Critical,closed,2024-08-11
Seem former center strong.,Medium,in-progress,2024-07-20
Look professional entire lead five.,High,open,2024-01-09
Bag agent authority.,Low,closed,2025-09-25
Cause account kitchen base.,Medium,closed,2024-12-04
Inside charge red land sea full.,Low,closed,2024-07-07
Agree current president peace night.,Critical,closed,2025-01-22
After provide leader not fire.,Low,in-progress,2025-11-05
Share research hair poor spring.,Low,in-progress,2025-10-16
Partner information stop me professional mother.,Low,in-progress,2025-09-30
According level memory technology.,High,closed,2025-10-21
Take my per series.,Medium,closed,2024-11-15
All bad story like once group.,Medium,in-progress,2024-08-11
Price catch newspaper him fly.,Medium,in-progress,2025-06-13
Human rather matter.,Low,open,2025-10-02
Not those find.,Medium,closed,2024-07-14
Plan drug federal owner would degree.,Critical,open,2024-07-16
Option land experience author responsibility.,Critical,closed,2024-03-13
School stand social rock ground.,High,in-progress,2025-10-25
Out high happen door start consumer.,High,open,2024-04-06
Court trouble along rich country foreign.,Low,open,2024-05-14
Article ability some.,Low,open,2025-07-25
Big practice out personal threat meeting.,High,closed,2024-10-07
Weight research another about this too.,Low,open,2025-08-20
Fund always add history method.,Critical,open,2025-05-24
Available pick born whether town operation.,Critical,open,2024-08-05
Career current truth low catch.,Low,closed,2024-10-11
Event strategy voice college.,Critical,open,2024-04-21
Town as would my politics.,Low,open,2025-03-24
Professional language when possible listen.,High,open,2024-12-03
Threat make task order.,High,open,2025-01-18
Score sometimes politics.,High,closed,2025-04-18
Arm glass lead wait discuss or.,Critical,closed,2024-07-06
Point work program for create.,Medium,open,2024-10-28
Maintain or sport.,Critical,in-progress,2024-06-04
Country quite cultural bag question face.,Low,open,2025-02-04
Pattern suggest remember deal today.,Low,open,2025-06-29
Care force federal evening course social.,Critical,closed,2025-05-15
Listen player energy show night.,Medium,open,2025-08-14
Science grow condition.,Low,closed,2024-01-17
For point difference decade art student.,Medium,open,2024-09-27
Forward effect decision conference.,High,open,2025-01-14
Upon support north spend dinner artist.,Medium,open,2025-01-18
By senior nor tough coach.,High,in-progress,2025-04-09
Owner growth medical card.,Medium,closed,2024-09-23
Everything agree development less this.,Low,closed,2025-06-07
Include law population.,Low,closed,2025-06-11
National keep staff stage blue performance.,High,in-progress,2024-09-08
Event during growth black performance majority.,High,in-progress,2024-11-16
Language finish medical assume nation with.,Low,open,2024-10-05
Region clearly a.,High,open,2024-10-29
Trade show fund difference.,Critical,closed,2025-01-30
Bank remain remember guess ago recent.,Critical,in-progress,2024-10-20
Sister staff never also discover.,Critical,in-progress,2024-04-17
Piece get then able.,High,open,2025-03-01
Late side often go information about.,High,in-progress,2024-05-07
Free area town.,Critical,closed,2024-12-17
Economy play action for yes.,Medium,open,2025-08-17
Right region speech.,Critical,closed,2025-08-25
Republican my give authority.,Medium,open,2025-08-22
Specific certainly set as too thing.,High,closed,2025-03-05
Two late rise whether.,Medium,open,2024-03-25
Never word break.,Critical,open,2024-03-04
Must language new own walk.,Critical,open,2024-08-06
Truth final plant type sometimes.,Medium,closed,2025-07-30
Everything where appear.,Medium,closed,2024-03-07
Girl until several conference.,High,closed,2024-08-29
Deal phone hour budget record thought.,Critical,closed,2024-11-07
Cell end theory simply pick.,Medium,closed,2024-12-16
Just popular reason third future condition.,Critical,open,2024-12-21
Bill place minute business describe civil.,High,in-progress,2024-05-24
Every especially author travel.,Low,open,2025-07-30
Call paper stand agency continue can.,Critical,closed,2025-02-06
Indicate energy majority.,Low,in-progress,2025-11-15
Product knowledge prove large.,High,open,2025-05-07
Across always public.,High,in-progress,2024-03-01
Interest well result notice traditional kind.,High,in-progress,2025-03-26
Through despite beat bed.,Critical,closed,2024-07-04
Close would save none.,Critical,closed,2025-05-13
Technology sometimes but myself stay minute.,Low,open,2024-08-27
Yes figure state bar toward executive.,Medium,in-progress,2024-06-04
Check break sense mouth mind.,Medium,in-progress,2025-10-26
Consider image tax design money.,Critical,closed,2024-06-24
Pm maintain young well.,Medium,open,2025-10-25
Use tax pretty lay get as.,Critical,open,2025-10-20
Go million little option nation.,Critical,open,2025-03-06
Concern pattern need out.,Medium,closed,2025-03-25
All feel speech say.,Medium,in-progress,2024-09-29
Star hold take could head various.,Critical,in-progress,2024-04-04
Out short newspaper police word.,Critical,in-progress,2024-05-03
Once pressure take.,Critical,closed,2025-08-11
Worker respond believe along teacher audience.,Medium,closed,2025-04-02
Positive source we everybody work human.,Low,open,2024-09-24
True ok adult.,Critical,open,2025-04-01
Feel next resource several allow.,High,in-progress,2024-11-05
Actually whole both thousand.,Medium,open,2025-03-08
Also indicate thus.,High,open,2024-08-23
Themselves miss power.,Medium,open,2025-06-24
Various especially form family beat budget.,Low,open,2025-03-18
Tend nice artist occur may stage.,Low,closed,2025-05-25
Hot offer option full plan while.,High,open,2025-06-04
Detail eat left.,Critical,in-progress,2025-01-08
Sell meet responsibility hope.,Critical,open,2024-12-11
Ball knowledge kind agreement.,Low,open,2024-10-12
Store seek see produce marriage recently.,High,closed,2025-07-19
Institution building without all even adult.,Medium,closed,2025-09-29
Face charge should.,High,in-progress,2025-02-08
Dog send organization yet.,Low,in-progress,2024-12-11
Yes argue difference page.,Medium,open,2024-01-19
Cut reason option bag.,High,open,2025-03-14
Social positive item none.,Critical,closed,2024-04-27
Open once water opportunity.,High,in-progress,2025-06-25
Add western require plan consumer wall.,High,closed,2024-08-08
Form air again care.,High,closed,2025-02-24
Full various official.,Critical,closed,2024-02-01
Age thing catch.,High,in-progress,2025-06-22
Interview wife final military center finally.,Low,open,2024-07-08
Region lawyer discuss this interesting special.,Medium,closed,2025-05-14
Expert seem director impact shake.,Critical,in-progress,2025-08-09
Year education tree full never.,High,in-progress,2024-11-11
Size perform nor now total.,High,open,2025-07-05
Already off seek authority read husband.,Critical,open,2023-11-30
Society road book purpose.,Low,closed,2025-04-21
Painting pattern push beyond.,High,closed,2025-07-17
Policy management camera staff land.,High,in-progress,2024-07-03
Foreign down family little push back.,Critical,closed,2025-09-18
Ball change lot assume arm change of.,High,in-progress,2025-03-06
Enjoy phone agreement represent security.,High,open,2024-04-16
Travel dog more bill.,Critical,closed,2025-03-08
Wrong growth nor gas.,Low,in-progress,2025-02-01
Environmental federal thus enough.,Medium,in-progress,2024-01-07
Item thousand listen these.,High,in-progress,2024-03-21
Poor state itself simply character single.,Low,in-progress,2025-11-01
Statement bring chance.,Low,closed,2025-03-17
Miss professor beautiful position.,High,in-progress,2025-02-12
Hard rich determine write.,Medium,open,2025-09-05
Stuff game stuff allow society wear.,Medium,closed,2024-05-07
Few page phone space must.,High,in-progress,2024-04-11
Contain style four.,Critical,in-progress,2025-11-02
Wall laugh say particularly person.,Low,open,2025-07-13
Nothing street serious radio short.,Medium,in-progress,2025-04-10
Instead modern here.,Critical,closed,2024-06-21
Past country catch thousand interesting over.,Low,open,2025-10-23
Company break rest allow.,Medium,open,2024-12-26
Adult west return receive office thought.,Low,in-progress,2023-12-18
Anyone control group along yourself.,High,open,2024-10-19
To issue difficult generation say.,Medium,closed,2025-09-12
Research article well thought common.,Medium,open,2024-05-15
Space deep adult detail without.,Medium,closed,2025-02-03
Charge show mouth because local.,Medium,in-progress,2025-06-29
Position thus manager for firm its.,Low,open,2024-03-04
Eye consumer station.,Medium,in-progress,2024-03-09
Prove tree science.,Critical,closed,2025-10-08
Move news talk ok write husband.,Critical,open,2025-05-13
Black she article.,High,in-progress,2025-04-16
Exist space unit glass collection left.,High,closed,2023-12-04
Notice speak technology under reality.,Medium,closed,2025-02-20
Stop effort simple.,High,closed,2024-08-19
Power issue space develop game town help.,Medium,open,2025-05-07
Contain them book.,High,open,2023-12-24
Purpose quite nor remember score table.,High,closed,2025-03-16
Call inside great grow.,Critical,open,2024-12-18
Ball source sell seat low.,Low,in-progress,2025-11-12
Law baby onto enjoy.,Low,closed,2024-11-01
For contain perhaps always reason visit.,Critical,closed,2024-10-15
Poor president wish process and.,Low,in-progress,2024-01-27
Student leg letter second anyone.,Low,in-progress,2024-07-30
Anything enough investment recently.,Critical,in-progress,2024-11-10
Point other kind drug live.,Critical,open,2025-02-01
Girl wife into end account real.,Medium,in-progress,2024-09-28
Their stock individual two pay class.,High,closed,2024-10-13
Price themselves bring Republican above.,Low,closed,2024-10-20
Fill rich know.,High,in-progress,2024-09-18
Modern common whole.,Low,in-progress,2024-09-09
Trouble get treatment run situation field.,Low,open,2024-11-06
Daughter bring paper building attack.,Critical,open,2024-05-05
Treatment order area never.,Critical,closed,2025-02-27
View market room.,High,in-progress,2024-07-09
On guy day blue cultural ball.,Low,in-progress,2025-09-04
Garden side will this deal.,High,open,2025-09-03
Bar sure enough painting.,Low,open,2024-09-16
Raise car newspaper car professional.,High,closed,2025-07-20
Order day step say I.,Medium,open,2025-11-23
Least brother fish camera.,High,in-progress,2024-08-24
Look question author rest involve like.,Medium,open,2024-05-26
Sell gas this.,High,closed,2025-08-19
Family listen theory.,High,in-progress,2025-02-07
Herself spring use.,High,in-progress,2024-06-03
Conference among paper.,Medium,in-progress,2024-04-04
Nation order heavy.,Critical,in-progress,2024-08-22
Serious move of security protect baby.,High,open,2024-12-04
Result common long one.,Critical,open,2025-03-13
Star event certain often stock toward.,Medium,in-progress,2025-10-10
Create nor PM marriage beat.,High,open,2024-01-17
Many push police family.,Critical,closed,2024-10-09
Mouth another item.,Low,in-progress,2025-06-16
Industry go there significant key.,Medium,closed,2025-10-07
Democratic deep easy.,Low,in-progress,2024-09-09
Give myself personal people.,High,in-progress,2025-02-16
Down successful begin though be condition.,Critical,open,2025-02-01
Various ever growth.,High,in-progress,2024-08-05
Beautiful fly of send center morning.,Critical,in-progress,2024-04-18
Daughter tend number number he manage.,High,in-progress,2024-01-01
Detail deep world involve very.,Critical,in-progress,2024-11-22
Anyone think property reality every.,Medium,closed,2025-03-03
Congress carry sing cut follow under late.,High,closed,2024-06-14
Probably woman relate star born community.,Medium,closed,2024-03-23
Fill us range lawyer fine.,Critical,open,2024-09-29
A I board concern resource.,Low,in-progress,2025-03-17
Despite guy appear machine question.,High,open,2025-08-23
Discover system end occur one.,Low,closed,2025-01-27
Woman road style summer soldier.,High,open,2024-06-15
Action yet resource.,Critical,closed,2025-07-06
Effort test society major drug world.,Medium,closed,2025-01-30
Letter able production dinner collection life.,Low,open,2025-06-22
Door leg cut.,Medium,in-progress,2025-10-29
Country environment vote.,High,in-progress,2024-05-13
Good seat thank.,Low,closed,2024-02-07
Pattern key heavy process continue seem.,Low,open,2024-12-25
Out meeting skill.,Critical,in-progress,2023-12-11
Hotel hair cultural dog western president.,Medium,closed,2025-08-23
Beat require decide ago Democrat.,High,closed,2024-03-31
Born person two research people according.,High,in-progress,2025-08-18
Person whatever need.,Critical,closed,2024-08-03
Opportunity sort writer arrive require.,Critical,open,2024-01-22
Fall energy reach field institution.,Medium,open,2025-09-04
Yet way perform artist determine thought.,High,closed,2025-11-20
Student use city collection federal administration.,High,closed,2024-04-19
Discussion trouble husband drop behavior can.,Low,open,2023-12-19
Work degree forward far west tell.,Low,closed,2023-12-14
On its pull memory.,Medium,in-progress,2025-10-30
Few camera fact raise provide property.,Low,open,2024-11-10
Southern reduce offer realize listen region.,High,in-progress,2025-04-06
Moment standard require environment quickly specific.,Critical,in-progress,2025-07-10
Difficult available then.,High,in-progress,2024-10-11
School analysis crime benefit a group.,Medium,open,2025-07-03
Sure laugh green send allow.,High,open,2025-04-23
Region strategy white structure yes manage.,Medium,closed,2023-12-02
Want run social.,Low,in-progress,2024-11-14
Expect force human why president area.,Critical,in-progress,2025-10-01
Practice question federal accept gas computer.,Critical,closed,2024-04-09
Season sport from seek form.,Critical,open,2025-09-23
Road person billion door.,Critical,in-progress,2025-08-25
This evening company speak great.,Critical,open,2024-08-11
Part man natural certain go whom.,Medium,open,2023-11-28
End few practice.,Critical,open,2024-03-19
Feel know paper situation.,Low,in-progress,2025-03-05
List idea scene.,Low,closed,2024-04-28
Personal each might me act pull.,Medium,closed,2025-04-16
Nearly pay enough agreement political four.,Low,in-progress,2025-04-28
How learn clear like social.,Medium,closed,2025-05-12
Deep me once remember itself.,Critical,in-progress,2025-10-29
Line onto join conference.,Critical,in-progress,2025-08-16
Second voice relationship sort require.,Critical,in-progress,2024-05-14
Song military poor source partner.,Medium,in-progress,2025-04-13
Suffer never practice collection ready.,Medium,in-progress,2025-04-22
Military although want until.,Low,open,2025-08-01
Determine everyone guess address choose inside.,Critical,closed,2025-04-18
Buy standard third third threat.,Medium,open,2024-12-31
Wrong should ten.,Low,closed,2024-06-17
Although mission get itself.,High,open,2025-06-02
Fall of radio.,High,closed,2024-05-12
Ability friend activity.,Low,open,2024-11-18
Her stock boy account drop trial street.,Medium,open,2024-12-26
Hundred near end.,Critical,closed,2025-09-07
Probably responsibility data once doctor wind.,Critical,closed,2025-07-16
Generation big five president relationship.,Critical,open,2024-07-12
Bag face red.,Low,open,2024-09-07
Southern spend something say line hotel.,Medium,open,2025-09-23
Movie civil involve product area test.,Low,in-progress,2024-09-18
Education leave order make than medical.,Critical,closed,2025-10-01
Positive stay response positive close national.,Critical,open,2024-11-17
With level similar pick indeed imagine.,Critical,closed,2025-09-06
Fact discuss continue different fine.,Critical,open,2025-05-01
Shake office record care.,High,closed,2024-04-12
Keep figure lot.,Critical,in-progress,2025-09-02
Discuss able realize.,Low,open,2024-04-12
Hot the trade.,Low,in-progress,2024-05-31
Join this more.,Critical,open,2024-10-23
Live account than leg huge born.,Critical,in-progress,2024-04-19
Man trip light account behavior.,Low,open,2025-11-19
Call season could catch chance hospital wear.,Low,closed,2025-04-16
Foreign house certainly health.,Critical,closed,2024-07-13
Realize evening Democrat financial miss near.,Medium,open,2025-08-10
Tell cause let air agent.,High,closed,2024-04-01
Kind enjoy through my south activity.,Low,in-progress,2025-09-21
Daughter system reduce source bring bag.,Critical,closed,2025-04-09
Standard plant price stand participant.,High,in-progress,2024-01-28
Today rather help usually assume when.,Critical,closed,2025-05-22
Business others control fire coach arrive.,Medium,closed,2024-03-24
Particular prevent car civil.,High,open,2025-11-18
Number lose effort factor detail.,Critical,open,2024-09-02
Ever world general billion strong customer.,High,open,2024-06-04
Direction guess fish threat language increase.,Critical,closed,2024-04-21
View discussion summer almost.,High,in-progress,2024-06-25
What story establish should really.,High,open,2024-08-01
Bill nice experience look bank majority.,Medium,in-progress,2025-11-06
Lose phone wind.,Medium,closed,2025-05-31
Sometimes friend able cup development.,Critical,closed,2025-08-15
Everyone turn sign result effect.,Medium,in-progress,2025-03-04
Company but bank seek.,Critical,in-progress,2024-12-26
Future always owner year.,High,in-progress,2025-10-16
Occur tonight another support mention.,Low,in-progress,2025-11-22
Produce where example left.,Medium,closed,2023-11-28
Position late argue power best.,Medium,in-progress,2024-05-29
Field player suggest cover mission one.,Low,in-progress,2025-06-19
Player fight deep teach memory.,High,closed,2025-10-11
Carry increase act example.,Critical,closed,2024-12-26
Act work family stock hope.,Critical,open,2025-09-06
Animal best how effort he.,Critical,open,2024-04-26
According live team quality.,High,in-progress,2024-04-24
Body recently throw hour.,High,open,2025-02-14
Image story challenge idea.,High,open,2024-10-21
Listen state color environment.,Critical,open,2025-03-10
Help business identify two project follow.,Critical,open,2024-02-09
Bit increase nor life between.,Medium,in-progress,2025-11-06
Full general within.,Medium,in-progress,2024-03-21
Stay arrive number term leg model.,Medium,in-progress,2024-04-01
Few less newspaper.,High,in-progress,2023-12-06
Body education discussion foreign impact ok.,Low,in-progress,2023-11-26
Window near movement yes when least.,Low,in-progress,2024-02-07
Choose Mrs popular what.,Medium,open,2024-08-05
Ball seek or.,High,open,2025-07-22
Camera agree likely look some.,High,open,2024-07-10
Seat many minute already paper.,Medium,open,2024-11-18
Six eight service.,High,closed,2024-04-25
Open democratic give.,High,in-progress,2024-01-05
Possible page ago purpose help real.,High,closed,2024-07-23
Personal involve thousand of.,High,closed,2023-12-13
Difficult strategy a radio.,Medium,in-progress,2024-11-23
Responsibility throughout evidence.,High,closed,2025-04-01
Prevent just court bad.,Critical,open,2025-01-24
Peace political company wait whose.,Low,closed,2023-11-27
Reflect marriage picture.,Critical,in-progress,2025-05-27
Foreign notice interesting forward piece wrong.,High,closed,2024-09-24
Husband measure author impact art social.,High,in-progress,2025-05-23
Quality understand newspaper city player.,High,in-progress,2024-05-24
Born actually summer and special very.,Low,closed,2025-01-21
Southern movement night success.,Critical,open,2024-09-14
Yard more take former sister.,High,closed,2025-01-29
Service prevent language listen building relate.,Critical,closed,2025-05-08
People partner same likely Mrs.,Critical,closed,2023-12-23
Type society ready indicate.,Medium,closed,2024-03-09
Hotel always front discussion include also these.,Critical,in-progress,2024-06-20
Attorney field Congress.,Low,open,2025-03-23
Station care wife.,Critical,closed,2023-12-22
Organization new senior second may.,High,closed,2025-06-30
Mouth author daughter writer along care.,Medium,in-progress,2024-05-02
Sea effort light could.,Medium,open,2025-07-30
Population never let reduce.,High,closed,2025-09-15
Share sure miss soon cold authority.,High,closed,2023-12-13
Method fight method shake.,High,closed,2023-12-16
Body professor exactly.,Low,closed,2025-06-28
Represent affect eat I mention foot.,Critical,in-progress,2024-01-16
Mention focus tax property customer.,Low,closed,2024-12-31
System already perhaps growth mean everything.,High,in-progress,2025-10-12
Organization month ten relate film finish.,High,closed,2024-01-22
Father according why almost world less.,Low,closed,2024-05-29
Avoid suggest case wonder.,Medium,closed,2025-10-13
Whatever west artist safe.,Medium,closed,2023-12-07
Film finally skill at federal onto.,High,open,2024-05-15
Health light gun station onto worker shoulder.,Low,open,2024-06-26
When Congress public each those father.,Medium,in-progress,2024-01-30
Seat authority social catch keep.,High,in-progress,2024-08-28
Box new can leader imagine.,Low,open,2024-11-21
Against break magazine sit discussion.,High,open,2025-04-28
Miss heart begin use total.,Critical,in-progress,2025-08-31
Site risk ago class.,Critical,open,2025-05-05
Collection wait concern including guy result.,High,in-progress,2024-02-10
Less worker music local.,High,closed,2024-08-01
Environmental red foreign language even lead.,Critical,in-progress,2025-03-03
Close matter popular color source culture tell.,Medium,in-progress,2025-05-05
More remember she happy.,Low,open,2025-04-30
Recognize week American point social.,Medium,open,2024-04-26
Open must name again.,High,in-progress,2025-05-19
Fine nice remain day inside reflect.,Critical,closed,2025-05-14
Increase long skill even Congress explain try.,Critical,closed,2025-08-05
Lead sign ten well to.,Medium,closed,2025-05-11
Today material defense during model window.,High,closed,2024-01-24
Mr president character.,Critical,open,2023-12-07
Simply clear seat page data continue.,High,closed,2024-03-27
Side would sort.,High,closed,2024-12-18
Subject tough out effort mind myself.,Low,open,2025-04-11
Rise yes conference teacher.,Medium,in-progress,2023-12-19
However structure her water voice.,High,open,2024-01-16
Gun what amount decade whatever leader.,Low,closed,2025-02-22
Month travel eye Mrs board country.,Critical,in-progress,2024-11-23
Marriage myself opportunity guess.,Critical,open,2024-05-12
Option local recent ready.,Low,in-progress,2025-08-23
Keep often seek eight.,Critical,closed,2024-12-06
Might high water this modern.,Critical,in-progress,2025-04-10
In evening other.,High,closed,2024-07-17
Animal cover future court song example.,High,open,2025-02-14
Power professor look buy report third.,High,in-progress,2025-06-15
Imagine because hotel will still sort.,Medium,open,2025-10-20
Senior cover we international wish.,High,in-progress,2024-03-21
Ball though employee lawyer.,Low,open,2025-05-12
Could religious sister.,Low,open,2025-01-10
Feeling because seem crime challenge garden.,High,open,2024-09-05
Far attention tonight foot.,Critical,open,2025-04-14
To form baby.,Medium,in-progress,2024-04-09
Claim less center truth player.,High,in-progress,2025-06-13
Your management those firm hair.,Low,in-progress,2025-05-12
Result meet stage recognize toward process animal.,Low,open,2024-06-09
Receive sign look drug.,Medium,open,2025-06-19
Condition price land.,Low,open,2025-10-20
Participant method loss.,Critical,open,2025-06-19
Glass fall participant dream join.,Low,in-progress,2024-08-30
Leader close century capital.,Medium,in-progress,2025-08-22
Size side nice turn structure.,Medium,in-progress,2024-02-13
Quite although country.,Low,closed,2025-11-17
Decade walk environment growth work specific.,Critical,open,2025-10-30
Nation though after Congress call.,Low,open,2025-04-01
Relate agreement development gun opportunity.,Critical,open,2025-05-03
Production try right which remember admit.,Critical,open,2023-12-13
Could the short stock.,Critical,open,2025-05-01
Edge last pass what happy.,Low,open,2024-08-24
Charge every left gun maybe fire.,Critical,open,2024-07-04
That short but little.,Low,in-progress,2024-05-17
Nation involve available person.,Low,in-progress,2024-10-26
Measure clearly world off chance black.,Low,in-progress,2024-11-25
Produce future difficult easy.,High,closed,2024-12-01
Say trial fire.,Critical,open,2025-10-01
World present he charge although.,Low,closed,2025-11-21
Evening from prove.,Critical,in-progress,2024-03-06
Each defense five hear.,Critical,in-progress,2025-07-24
Artist debate effect significant firm.,High,open,2024-11-03
Situation company wind which officer.,High,in-progress,2024-04-16
By make water drug international.,High,closed,2024-01-16
Including be throw office occur.,Low,closed,2023-12-17
Concern high service.,High,closed,2024-11-19
Decade ask would position.,Medium,open,2025-07-15
Record task plan.,Critical,in-progress,2025-04-21
Speech likely short.,Medium,open,2024-02-17
Capital develop wide can.,Low,in-progress,2024-11-07
Increase particular where.,Critical,open,2025-07-25
Fall move approach nothing.,Low,in-progress,2024-05-25
Deep allow between interesting newspaper.,Medium,open,2024-03-03
Listen girl condition.,Medium,closed,2025-04-14
Various way picture candidate anything wide.,Medium,open,2024-10-14
Everything I treat happen generation.,Low,open,2024-08-27
World me field.,Critical,closed,2024-03-07
Himself leader fear board.,High,open,2024-04-19
Over go technology.,Medium,in-progress,2024-03-09
Stuff development nearly hand space last high.,Critical,in-progress,2024-08-03
Artist response car may.,Low,open,2025-02-24
Dog these attorney develop.,High,in-progress,2024-02-10
Technology one here eye so.,Medium,in-progress,2025-04-22
Keep their career those simple any.,Critical,open,2024-11-26
Institution against small report.,Medium,open,2024-06-14
Ask PM plant position same finally.,Low,in-progress,2025-06-07
Western old but.,Medium,closed,2024-07-01
New southern result little.,Critical,in-progress,2024-03-02
Myself less raise special.,Low,open,2025-04-06
Decision foot section war.,Critical,in-progress,2025-01-14
Go really cut stock defense.,Low,open,2024-06-22
You leader hope our increase similar.,Critical,in-progress,2025-10-22
Not page better.,High,in-progress,2024-10-09
Among plant other executive.,Medium,open,2024-10-27
Finish affect throw above ask PM.,Critical,in-progress,2024-12-18
Region item more each show.,Medium,in-progress,2025-06-10
Dinner oil decide hundred commercial.,Low,closed,2025-04-07
Hope yet minute decide.,Low,open,2024-12-27
Agency behind picture policy.,High,closed,2024-07-07
Everyone prepare series decade and what.,Low,open,2023-12-05
Remember before development attorney institution.,Medium,open,2025-06-29
Quite form world through medical serve.,High,open,2024-04-24
And war American page however.,Low,in-progress,2025-04-20
Dinner machine tell.,Critical,in-progress,2024-10-27
Author return room story serve.,High,in-progress,2025-08-26
Bed seek room.,Medium,closed,2025-08-30
Across city allow choose heavy.,Medium,closed,2024-03-08
Movie drive head we able.,Critical,in-progress,2025-09-21
Lawyer forget keep about make.,Low,open,2025-06-15
Then impact power.,Low,closed,2025-05-15
And save others east ever each.,Low,in-progress,2025-05-17
Friend he cold.,Medium,in-progress,2025-02-18
Account dinner hard.,Critical,open,2025-09-24
Whom ability short drop city such.,Low,in-progress,2024-08-21
Church consider fine five eat.,Low,closed,2025-02-23
Kid choose hit official successful.,Critical,open,2024-03-27
Can name should decide second reduce.,Critical,closed,2024-01-21
Hard hold sense.,Medium,open,2024-07-04
Really weight everything audience.,Low,open,2024-08-12
Best security image.,Low,in-progress,2025-09-02
Avoid music hard analysis.,Low,open,2025-10-09
Reason PM sense.,Critical,closed,2025-05-15
Travel make operation technology strategy hold.,Medium,closed,2024-06-01
Health rock few reveal expert.,Critical,in-progress,2025-07-12
Television once difference.,Medium,open,2025-07-19
Office production office realize since north.,Critical,closed,2025-01-21
Kid Congress small.,Critical,open,2024-07-15
Instead audience interesting contain return indeed.,High,closed,2024-02-04
Concern house feel large him.,Medium,open,2025-07-08
Method between instead.,Medium,in-progress,2024-10-06
Street great Mrs field hospital.,Low,closed,2024-12-09
Bar leave free week question.,Medium,open,2024-11-10
Section clear participant effect.,Low,open,2025-05-21
There Republican soldier recognize bag position.,Low,open,2025-11-17
Woman team really seem.,High,closed,2024-10-15
Threat many skin stop truth consider.,Low,in-progress,2024-07-30
Else change community least responsibility.,Medium,closed,2024-12-28
Well others behind.,Critical,in-progress,2025-01-14
Federal media ability director financial.,Critical,open,2024-02-06
Two position water defense.,Critical,closed,2024-08-18
Suggest never politics hour.,Medium,open,2025-08-27
Power girl east method seem.,High,closed,2024-07-18
Professional factor these.,High,open,2024-10-26
Republican lose back.,Low,in-progress,2025-03-28
List meet within during image level.,Critical,in-progress,2023-12-22
Try customer during.,Critical,closed,2025-01-31
Market record theory southern happen.,Critical,in-progress,2025-11-04
Matter director realize use list instead.,Medium,in-progress,2025-02-26
Social manage actually ground bit.,Medium,closed,2023-11-28
Apply able she issue garden.,Medium,open,2024-06-30
Discuss sell appear affect.,Critical,closed,2025-04-20
She civil anything.,Medium,in-progress,2025-03-04
Possible able civil then.,High,open,2024-11-09
Relate role our network.,Critical,in-progress,2024-12-06
Rather year never.,Medium,closed,2025-11-06
As important fish son itself.,Low,open,2024-11-29
Material wide work.,Medium,closed,2025-10-05
Building special nature admit herself attorney.,Critical,open,2024-09-10
Somebody authority management discover back.,High,in-progress,2025-05-20
Cover list example lay skin.,Low,open,2024-06-03
Choose movement simply bad letter country.,Medium,open,2023-12-31
Coach wonder floor class improve dog.,Low,in-progress,2024-03-25
Rule discussion case able.,High,in-progress,2024-10-20
Would idea policy need community wrong.,Critical,closed,2024-05-17
Investment goal structure build source.,Low,open,2025-05-20
Wear claim every anyone person worker.,High,open,2025-08-29
Fine their ahead news.,High,closed,2025-11-02
Phone better resource wind century.,High,in-progress,2025-09-17
Couple interesting when mind part.,High,in-progress,2025-07-08
Live her science note discussion.,High,open,2024-04-26
Light care participant herself.,Medium,closed,2024-04-15
True several production.,Low,open,2024-05-05
Sort seek onto seat oil daughter.,High,closed,2023-12-06
Wall nice simple bit rather.,Medium,in-progress,2024-04-16
Popular participant work southern.,Medium,in-progress,2025-07-29
Reason strong worker same.,High,open,2025-08-05
Toward test center teacher.,Medium,in-progress,2024-02-07
Thus day hot court.,High,open,2024-07-29
Create total old agreement like.,High,closed,2025-02-25
Food by matter recognize nothing.,Critical,open,2024-01-30
Left career tree serious.,Medium,in-progress,2025-01-31
Eye college spend explain happen.,High,closed,2024-10-06
Kitchen heart ready nature type.,Medium,in-progress,2024-02-22
System throughout down executive move three.,Critical,open,2025-03-18
Share go support.,Critical,open,2024-08-15
Many side blood.,Medium,open,2025-02-28
Nature get yet discussion develop computer her.,Medium,open,2024-11-08
Customer throughout civil stock any.,Low,closed,2025-05-08
Idea agent born vote.,Critical,closed,2025-11-22
Somebody such whose executive.,High,open,2025-04-12
Above though again.,Low,closed,2024-07-20
My reflect to these.,High,open,2025-02-28
Treat attack occur various brother eight.,High,open,2024-01-12
Put central president.,Critical,in-progress,2024-01-15
Fund Mr reality wife.,Medium,closed,2024-11-10
Control road throw lot prevent person.,Critical,in-progress,2023-12-07
Citizen build purpose meeting two.,Medium,closed,2025-05-24
Base thought we opportunity.,Low,closed,2025-02-17
We money window expert red as.,Medium,in-progress,2024-12-16
Wall baby form Mr response.,Low,closed,2024-07-26
Fight fact before pull might factor.,Medium,in-progress,2024-09-13
East remember crime west.,Critical,open,2025-04-13
Always civil population research.,Critical,open,2025-01-07
Decide point for four concern.,Critical,in-progress,2025-06-22
Concern western region student region this.,Medium,open,2025-08-01
Lead book nature too thought.,Medium,in-progress,2024-09-16
Also middle other sister necessary decision.,Medium,in-progress,2024-04-14
Property attention particularly training whose number.,Critical,in-progress,2025-01-27
Design nearly thing skin.,High,in-progress,2024-03-21
Fund quality home thought lose.,Low,closed,2024-12-27
Really next vote pay actually.,Medium,open,2025-10-13
Onto I ago prepare.,High,in-progress,2025-01-20
Us allow each hundred space recent.,High,closed,2024-06-12
Record how society hour.,Critical,closed,2024-06-28
Defense campaign develop item administration itself.,High,in-progress,2025-10-28
Center authority kind.,Critical,open,2024-07-14
Conference account research part.,Critical,in-progress,2025-05-31
Yard member factor.,Critical,in-progress,2025-07-02
Professor article page look.,High,in-progress,2024-09-04
Series and left.,Low,open,2025-04-13
Manage call put.,Medium,in-progress,2024-11-30
Organization stage region win feeling.,High,closed,2025-10-26
Drop force enough collection paper ground.,Critical,in-progress,2024-12-03
Spring energy respond.,Medium,in-progress,2024-02-11
Wish agent man.,Low,in-progress,2024-05-10
Expert eight character.,High,closed,2025-09-28
Ball establish action concern machine both.,Low,open,2025-03-03
Seem college manage well able current.,Critical,closed,2024-10-18
Win need support theory minute.,High,closed,2024-06-10
With seven success service million sense.,Medium,open,2025-10-06
Age woman view walk thought exist.,Medium,closed,2024-01-04
Foreign bring modern use star though.,High,in-progress,2025-06-15
Call television public manager reflect.,High,open,2024-02-12
Entire bit information whether maybe effort.,Low,closed,2025-09-02
Seat pick reveal itself young.,Critical,in-progress,2024-10-08
Leave fall give have close.,Critical,open,2024-04-08
National single food discussion girl their.,Low,in-progress,2025-05-19
Field behind sort beyond.,Critical,open,2025-09-13
Smile land table participant material.,Medium,in-progress,2024-06-01
Speak more physical song part.,Medium,open,2025-06-21
Task decide positive small.,Low,open,2025-06-01
Air nor tough prevent.,Medium,open,2024-10-02
Style newspaper issue development person.,Critical,closed,2025-09-05
Break we attention character.,Low,in-progress,2024-08-10
Create red look character.,Critical,open,2024-07-14
What per maybe season quickly.,High,closed,2025-09-14
Military bad still which.,High,closed,2025-06-20
Blood matter really bag friend know.,Low,closed,2024-01-14
Hospital west book.,Medium,open,2025-04-04
Threat cold high.,Medium,open,2024-12-24
Institution read near property stuff.,High,open,2024-05-23
Notice will really his garden.,Critical,open,2024-11-07
Weight she itself hold try.,High,open,2025-05-16
Make specific exactly enter.,High,closed,2024-02-21
Show strong pattern series.,Medium,closed,2024-03-28
Single leg short weight statement series.,High,open,2024-06-22
Wonder suggest store.,Low,open,2024-09-20
Response four performance water.,Critical,open,2024-01-20
Wonder assume cup final information else.,High,in-progress,2025-01-16
Economic land treatment.,Low,open,2024-01-18
Research quality quickly mean.,High,closed,2024-10-15
Pretty field her.,Critical,closed,2024-02-25
Television miss them.,Low,closed,2024-01-06
Run name win beat.,High,closed,2024-07-29
Region better few.,Critical,open,2024-10-09
People consumer actually kind space your.,Critical,open,2025-03-15
Management game sea system class.,Low,in-progress,2024-11-21
Nearly price right wish.,Critical,closed,2024-09-14
Give political media race.,Critical,open,2025-09-16
Accept debate dream general part.,Medium,open,2024-10-11
Large whose article gas dark seek.,Low,closed,2024-07-28
Region conference less.,Medium,in-progress,2024-05-30
Up today magazine owner.,Critical,in-progress,2024-08-11
Write Mrs enjoy nature other.,Critical,closed,2024-11-30
Wall across catch travel.,Medium,open,2025-07-22
Continue concern arm nature drug.,Critical,open,2024-07-13
Red establish wait drop know.,Medium,in-progress,2025-04-19
Attack morning speak.,Medium,open,2025-03-09
Project family member television.,Low,closed,2024-10-31
Fear term effort area.,Medium,closed,2025-02-04
View thousand method some consumer provide.,Critical,in-progress,2024-03-22
What usually general why rock.,Critical,open,2025-08-11
Speech social within.,Low,open,2024-07-14
That million money court somebody place beautiful.,Low,open,2025-08-04
Offer by share firm during.,Critical,closed,2025-09-20
Miss back consider reveal election.,High,closed,2024-09-16
Receive contain plan city.,Low,closed,2023-12-12
North discover rock final.,High,closed,2025-05-02
Five agreement specific exist long sure.,High,open,2024-04-23
Rock weight to those relationship sometimes.,Medium,open,2023-12-27
Check family former agreement.,Critical,closed,2023-12-05
Leave begin explain sell list.,Critical,open,2025-09-16
Range street budget federal night stuff win.,Medium,closed,2025-03-09
Myself public green serve use.,Low,in-progress,2024-04-18
Return decision million all.,High,open,2024-09-04
Sister total paper wide.,High,open,2025-07-27
Red measure marriage.,High,closed,2025-06-04
Early down understand.,Critical,in-progress,2024-01-11
Old art while choice.,Medium,open,2024-01-12
Whatever effort move.,Medium,in-progress,2024-04-21
Green boy take.,Critical,in-progress,2024-11-13
Democrat day side.,Low,closed,2024-11-17
Really use heart above.,Critical,open,2025-04-24
Reveal open three.,Low,in-progress,2024-03-07
Economy just technology.,Low,in-progress,2024-08-17
Without yes director but.,Critical,closed,2024-04-02
Draw forward when.,High,open,2024-09-23
See after activity thousand beat quite.,Medium,in-progress,2025-08-29
Mother near could easy set.,Medium,open,2024-06-15
Establish tonight imagine official.,Critical,open,2024-07-18
War necessary town simple out cup.,Low,in-progress,2025-01-04
Role rest evening majority thought.,Medium,open,2025-04-23
Visit medical few surface.,High,open,2025-02-07
Paper write system address.,Critical,closed,2025-11-03
Nation news center series.,High,open,2025-01-01
Pm the financial participant eye skill.,Medium,open,2025-05-02
Professor cover wrong boy chair.,Medium,closed,2024-12-26
Care spend always know might.,Critical,in-progress,2025-08-12
My music if.,Low,closed,2025-07-10
Manager blue trip.,Critical,open,2024-09-17
Type successful leg.,High,closed,2025-07-24
Draw strategy series.,Critical,in-progress,2024-02-13
Front leave month share worker.,Low,closed,2024-10-12
According office three approach southern floor.,Medium,closed,2024-01-26
Tonight less wish use green assume.,Medium,closed,2025-08-12
Hair finish expert sort party woman.,Medium,open,2025-10-19
Far onto huge child walk measure.,Low,closed,2025-10-22
Myself suddenly step record section.,High,in-progress,2024-04-28
Forward leave person.,Medium,in-progress,2024-03-24
Could large movement within general.,Low,in-progress,2025-04-20
Safe old research.,Critical,closed,2024-05-12
Maybe low allow.,Low,closed,2025-09-27
Across finish TV.,Critical,open,2024-07-01
Anything give treat.,Critical,in-progress,2024-07-04
Speak attention capital use care event.,Critical,open,2025-03-16
Ago while improve pattern baby bill.,High,in-progress,2024-09-01
List admit easy who report.,Critical,open,2025-07-21
High pressure recently book under.,Critical,in-progress,2023-12-26
Thank process product avoid.,Low,closed,2024-12-16
Woman full lawyer.,Medium,open,2025-10-18
Himself door before visit.,Low,closed,2024-10-09
Doctor another party song challenge.,Low,in-progress,2024-02-17
Theory machine when.,Medium,in-progress,2025-03-12
Go somebody nature data become.,Medium,in-progress,2025-05-03
However list increase no.,Low,open,2025-07-13
World process thousand first call.,High,open,2025-10-31
Quite half later cold.,Critical,closed,2025-11-07
Role industry particular become.,Medium,in-progress,2024-11-12
Body compare population hundred note world.,High,closed,2024-01-18
Probably major collection.,Low,in-progress,2025-03-19
Management population lose stage prevent.,Low,open,2025-01-11
End president current break commercial benefit.,Medium,in-progress,2025-10-20
Right something claim.,Critical,closed,2024-03-26
Consider might happen.,Critical,open,2024-06-27
Level who ask.,High,closed,2025-09-05
Thus adult indicate quite also.,High,in-progress,2024-08-15
Every day since body language.,Critical,open,2025-03-27
Remain thought professional ahead notice.,Medium,open,2023-12-02
Control evening security development despite.,High,closed,2024-03-17
Military evidence will.,Low,in-progress,2024-09-02
Check check guess next traditional read personal.,Medium,open,2024-08-18
Heart majority tend structure early.,High,open,2024-05-17
Player future hotel.,Low,closed,2023-12-18
Dinner participant lead military suggest.,Medium,open,2023-11-27
Something official him.,High,in-progress,2024-08-31
Operation remain natural prepare.,Medium,in-progress,2025-01-25
Nice baby what deal.,Medium,closed,2024-01-06
Call administration support.,Medium,open,2025-09-16
Free to military.,Medium,open,2024-10-10
Step agency decide often ball.,Low,open,2024-01-04
Learn listen his.,High,open,2025-04-07
Population table million present business involve.,Low,in-progress,2025-08-29
Born win product his fear meeting.,High,closed,2024-05-01
Concern real those music.,Critical,open,2024-04-23
Service run force hotel structure.,Critical,closed,2023-12-15
Do reduce scene adult.,Low,open,2024-12-31
So campaign stay.,Medium,closed,2025-07-17
Cover ever lead reduce sound yeah.,Critical,closed,2023-12-28
Heart military send.,Critical,open,2024-09-09
Month morning institution knowledge really.,Low,in-progress,2025-06-28
Eat method fear month.,High,in-progress,2024-08-10
Tv role figure box daughter.,High,closed,2024-02-25
Sit boy try.,Critical,closed,2024-04-07
Go others happy.,Low,open,2025-03-13
Car author station trip response remember.,Medium,open,2024-07-01
Consider prepare sing.,High,closed,2025-05-01
End process theory claim.,High,open,2024-05-06
Day defense three health.,High,in-progress,2025-02-28
Expert into sit job.,High,open,2023-12-15
Rich outside every.,Critical,open,2025-04-18
Enjoy leader commercial.,Low,closed,2025-10-07
Medical season plan argue save society.,Low,open,2025-07-13
Travel guy ok religious travel friend.,Low,closed,2024-04-19
Provide door respond another himself.,Medium,closed,2025-11-25
Rate where high similar idea.,Low,open,2025-06-14
Run trade south seek defense.,High,in-progress,2025-06-15
Plant allow financial white.,High,in-progress,2024-06-09
Arrive staff husband.,High,closed,2025-07-14
Mention might director.,Low,open,2024-10-02
Certainly avoid nearly.,Critical,open,2025-01-19
Herself enter think.,Critical,in-progress,2024-09-09
Common major only here compare.,Critical,in-progress,2025-11-14
Leave include structure.,High,closed,2024-10-20
Development beautiful on magazine everybody energy.,Critical,closed,2024-04-08
Including technology over or her.,Low,in-progress,2024-10-17
Sound despite quite seat production at.,Medium,closed,2025-08-12
Season theory eye offer chair evidence.,Medium,in-progress,2024-04-19
Reduce everyone group place.,High,open,2025-11-17
Open teach business.,Medium,closed,2024-12-11
Compare science thing.,Low,in-progress,2024-03-24
Ability news success expect.,Medium,in-progress,2025-02-03
Check floor itself.,High,open,2025-06-26
World benefit away compare amount.,Critical,closed,2024-08-29
Rule budget in teach market life.,Medium,open,2023-12-09
True address build sound money.,Low,closed,2024-08-21
Guy eight fund.,High,closed,2025-02-08
Offer end once good store.,High,closed,2024-11-03
Respond cut toward research now nice.,High,closed,2025-10-27
Order generation wear church lose.,Medium,in-progress,2024-09-29
Feel board city standard remember theory.,High,open,2025-03-30
Then political our speech find professional.,Critical,closed,2025-01-25
Throughout forget kid least claim.,Low,in-progress,2025-06-18
Ever in meeting significant program television.,Medium,closed,2024-01-02
Cause since rise party administration.,Low,in-progress,2025-01-26
Staff new the money culture finish.,Medium,closed,2024-08-11
Part against century bed.,Low,closed,2024-04-16
Factor early gun.,High,in-progress,2024-05-27
Scene traditional type face send positive.,High,closed,2024-06-19
Themselves beyond project evidence camera rich.,High,closed,2024-01-13
Imagine but assume heart.,High,closed,2025-02-19
Role society cost only wrong.,High,open,2025-08-01
No recently assume ever impact rise.,High,in-progress,2025-01-25
Join that art social road.,High,in-progress,2025-04-03
There item since determine.,Critical,open,2024-09-14
Current senior father may.,Low,open,2025-09-27
Impact foreign process.,High,in-progress,2025-06-20
Billion memory threat action kind.,Medium,in-progress,2024-09-09
Theory strategy employee unit history house.,Medium,in-progress,2024-01-31
Mouth tell happen instead line.,Critical,open,2025-11-03
Maintain prove type member.,High,in-progress,2024-08-10
Cup country effort.,Medium,open,2025-04-30
Card break Congress garden.,Medium,in-progress,2025-11-07
Remain indicate red.,Medium,closed,2024-01-16
Rather lose measure head.,Medium,closed,2024-02-16
Interview school Mr.,Critical,in-progress,2025-11-12
Coach after sometimes thousand.,Low,in-progress,2025-04-08
Him risk who among.,Low,open,2024-12-26
Note game middle start information rise.,Low,closed,2023-12-28
Section very great.,Critical,closed,2024-10-24
Take growth can cause south.,Critical,in-progress,2024-01-11
Vote central accept middle other data.,High,open,2025-01-25
Pass lose meet general purpose floor.,Low,closed,2025-02-09
Hard cold us herself thing.,Low,in-progress,2024-09-17
Choose remain third population.,Low,closed,2024-01-18
Generation bank education economic look PM.,High,in-progress,2025-08-05
Across agreement billion pull interview still.,Critical,open,2025-06-29
Woman current sister election artist.,High,in-progress,2025-04-19
Almost peace free.,Critical,closed,2024-12-24
Too mouth final clear radio enough.,High,in-progress,2024-06-13
Relationship reveal wall Democrat.,High,closed,2025-03-27
Turn it every single line there.,Medium,open,2024-06-06
Cut perhaps but.,Medium,closed,2024-12-12
Some safe before energy ability fly.,Low,in-progress,2024-02-14
Happen hand gas recent worry.,Low,open,2023-12-19
Rest require ball.,High,closed,2025-08-21
Do environment economy fund.,High,closed,2024-01-21
Oil time wrong fire.,High,in-progress,2024-11-27
Knowledge other guy.,Critical,closed,2025-01-18
Line thing already Republican lead staff.,High,open,2025-03-25
Lead detail spend.,Low,in-progress,2024-09-10
Ground see ready ahead.,Medium,open,2024-11-13
Them market story.,Medium,open,2025-01-01
Church executive general.,Medium,in-progress,2024-11-07
Series technology us mother speech.,Low,closed,2024-09-15
Around event consumer.,Medium,open,2025-06-24
Unit bed risk require stop almost.,Medium,closed,2024-01-23
Way here while believe throughout discover.,High,closed,2024-03-16
Indicate reality bit fall key.,Medium,open,2024-01-08
Same music such technology decide bad.,High,closed,2024-03-04
Receive sound particular attorney federal.,Medium,open,2025-02-26
Past nearly outside.,High,open,2025-09-06
Century onto forward strategy animal early.,Medium,in-progress,2024-01-04
Fine beautiful put few.,Low,open,2025-10-20
Away have new something catch open.,High,closed,2024-11-27
Heart still fast whole.,Low,open,2024-09-21
Though task let phone.,High,in-progress,2025-03-01
Clear change page third throw do.,Critical,closed,2025-09-29
Record those table or.,High,open,2025-08-11
Police send find represent white reduce.,High,in-progress,2025-03-23
Then only where once her next.,Low,closed,2024-09-15
Owner care goal instead guess ahead.,Medium,open,2025-08-01
Money reach skill meet.,Medium,closed,2025-06-06
Board together city scientist blue.,High,open,2025-04-09
Point follow film.,Critical,open,2025-02-04
Compare whom TV possible whose street.,Medium,open,2025-08-28
Rest easy front but rather.,Medium,closed,2024-07-30
Capital pay mission.,High,open,2024-03-08
Trade because run letter picture security.,Critical,in-progress,2024-02-25
None kind cut local during something.,Medium,closed,2024-04-13
Can food most former.,Low,closed,2025-05-30
Lawyer reduce deep who.,Medium,closed,2024-11-29
Money company imagine.,Critical,closed,2024-03-28
Eye single whom would.,Low,closed,2024-04-18
Task statement personal see.,Low,in-progress,2025-04-06
Successful rich similar environmental anyone even.,High,open,2025-03-04
Into discuss learn course.,Critical,in-progress,2024-11-08
Say social movie address ask occur.,Critical,open,2024-07-01
Onto provide child decide.,High,open,2025-10-11
Person hand forward rather strong or.,Medium,closed,2025-09-13
Arm onto we.,Critical,open,2025-09-22
Support stage always view need keep.,Medium,open,2025-06-12
Face item analysis last though.,Critical,open,2025-05-18
Charge author subject strong make responsibility.,Medium,open,2024-04-25
Save happy social vote.,Critical,open,2024-02-25
Too reflect identify.,Medium,in-progress,2025-08-28
Build local anything dream little.,Medium,open,2025-06-16
Growth low people reason yet.,Medium,open,2024-09-19
Cultural kid entire.,Low,open,2025-11-08
Debate between describe.,Low,open,2024-01-22
Stand important possible education affect mind.,Medium,in-progress,2025-06-03
Cup at send.,High,closed,2024-01-17
Wear evidence we.,Critical,in-progress,2025-06-10
Day card life environmental.,Low,in-progress,2024-07-28
Lay necessary list.,Medium,open,2024-07-19
Tonight expert now commercial dinner.,Medium,closed,2024-11-19
Key central determine.,Medium,open,2024-08-12
Organization million both.,Critical,closed,2024-03-07
Small move under reality before.,High,open,2025-07-02
Response security another decide pick.,Low,open,2024-11-29
Able view put choice response.,High,in-progress,2024-12-12
Bed tell inside character.,Medium,in-progress,2024-02-11
State four media wind difficult clear.,Medium,closed,2024-03-01
Memory picture agency conference by effort.,Low,closed,2023-12-20
Fish work wide cell.,High,open,2025-08-17
Add though garden picture.,High,open,2024-03-03
Official your while it.,Low,open,2024-06-06
Establish standard analysis majority important move.,High,closed,2025-05-01
Over science recently other.,Low,closed,2024-12-19
Draw two build place probably manager.,Low,open,2024-06-11
As lead board lot change us always.,Medium,closed,2025-06-29
Democrat there quickly performance.,Medium,in-progress,2024-10-05
Congress indeed thousand he return.,Critical,open,2024-04-25
Draw you give style career reality.,Critical,closed,2025-02-06
Difference hard life matter.,Critical,closed,2025-05-30
Likely thank public time.,Medium,open,2025-10-13
Action return his cup mind surface.,Low,open,2024-12-07
Material world finish really.,Medium,open,2024-05-20
Grow parent phone possible scientist.,Critical,in-progress,2024-02-04
East operation bed remember less loss.,Low,closed,2024-12-12
Always thousand three move.,High,open,2024-03-04
Before news voice.,Low,closed,2025-05-17
Quality over need trial soon.,Medium,in-progress,2025-01-19
Plan task shoulder.,Medium,in-progress,2025-10-29
Election dark these rest hear they.,High,open,2025-06-05
Mrs myself wear new toward.,Low,closed,2025-11-12
Method source smile inside.,High,open,2024-03-05
Young throughout true first daughter.,Low,open,2023-12-02
Guy eight see actually yet expert.,Low,in-progress,2025-03-22
Fall pay arm.,Medium,in-progress,2024-08-22
Consider development current feel.,Low,open,2025-09-12
He pressure deep voice.,Critical,closed,2025-05-24
If place although method goal investment.,Medium,closed,2024-03-21
Crime time nearly.,Critical,open,2025-03-06
Opportunity prepare without degree.,High,in-progress,2025-06-09
Hot herself pick administration with.,Critical,closed,2024-08-12
Study set important seek stay less.,Low,in-progress,2025-04-25
These pattern ok fine never not.,High,in-progress,2024-09-15
Owner voice goal business themselves.,Medium,in-progress,2024-07-19
Bed rest kitchen week see fly.,Medium,closed,2024-01-15
Him test affect.,Low,open,2025-07-01
Population music water hard.,Critical,in-progress,2025-02-03
Reality ground against writer notice fight coach.,Critical,open,2023-12-10
Ok worker plan event.,Low,in-progress,2024-08-19
Rise American certain.,Low,closed,2024-01-02
Technology return arm area.,Low,open,2024-04-09
Develop themselves drop any.,Critical,open,2025-05-07
Happen probably anyone remain field pattern.,High,open,2025-09-13
Throughout relationship industry year success.,Medium,in-progress,2025-07-13
Real door community daughter.,Medium,open,2025-03-27
Particular leg we my.,High,open,2025-08-09
Her year whatever attorney account.,Critical,open,2024-02-15
Ago new three.,Low,open,2025-04-30
Mrs ok anything.,Critical,in-progress,2025-09-28
Social ten build oil popular.,Low,in-progress,2024-11-20
Imagine garden half pressure save actually.,Medium,open,2024-06-08
Piece partner word truth economic foreign.,High,in-progress,2025-02-10
Another Democrat politics poor.,Medium,open,2024-11-27
As face join.,Low,closed,2024-06-15
Night sure suddenly summer.,Low,in-progress,2025-10-12
Risk central care.,Low,open,2025-01-08
Understand happy understand call director.,Low,open,2024-07-13
Explain college respond.,High,closed,2025-07-18
Friend talk minute believe ready.,Critical,open,2024-07-29
Phone as else.,Critical,open,2024-03-31
Various since practice plan.,Low,closed,2024-12-29
Five cover identify.,Low,open,2025-08-19
Claim land some.,Critical,in-progress,2024-02-05
During remain forget official.,Critical,open,2025-02-05
Move determine citizen.,Critical,in-progress,2024-07-18
Same its nature.,Medium,open,2024-04-23
Last social pull practice.,Low,open,2024-06-27
Discussion third real single.,Medium,closed,2025-01-11
Certain partner project bring everything call.,Critical,open,2025-05-13
Major trial reality poor professional not.,Medium,in-progress,2024-05-25
Employee total catch.,Low,open,2025-02-07
Term country around area turn offer.,Low,open,2025-01-04
